human_symbol,human_ensembl_id,mouse_symbol,mouse_ensembl_id,category,sources,evidence_score
ABCA7,ENSG00000064687,Abca7,ENSMUSG00000035722,Pro-apoptotic,GO_Pro_Human,1
ABL1,ENSG00000097007,Abl1,ENSMUSG00000026842,Pro-apoptotic,GO_Pro_Human,1
ABR,ENSG00000278741,Abr,ENSMUSG00000017631,Pro-apoptotic,GO_Pro_Human,1
ACER2,ENSG00000177076,Acer2,ENSMUSG00000038007,Pro-apoptotic,GO_Pro_Human,1
ACVR1C,ENSG00000123612,Acvr1c,ENSMUSG00000026834,Pro-apoptotic,GO_Pro_Human,1
ADAMTSL4,ENSG00000143382,Adamtsl4,ENSMUSG00000015850,Pro-apoptotic,GO_Pro_Human,1
ADIPOQ,ENSG00000181092,Adipoq,ENSMUSG00000022878,Pro-apoptotic,GO_Pro_Human,1
AGT,ENSG00000135744,Agt,ENSMUSG00000031980,Pro-apoptotic,GO_Pro_Human,1
AGTR2,ENSG00000180772,Agtr2,ENSMUSG00000068122,Pro-apoptotic,GO_Pro_Human,1
AIFM1,ENSG00000156709,Aifm1,ENSMUSG00000036932,Pro-apoptotic,"GO_Pro_Human,KEGG",2
AIFM2,ENSG00000042286,Aifm2,ENSMUSG00000020085,Pro-apoptotic,GO_Pro_Human,1
AKAP13,ENSG00000170776,Akap13,ENSMUSG00000066406,Pro-apoptotic,GO_Pro_Human,1
AKR1C3,ENSG00000196139,Akr1c18,ENSMUSG00000021214,Pro-apoptotic,GO_Pro_Human,1
ANKRD1,ENSG00000148677,Ankrd1,ENSMUSG00000024803,Pro-apoptotic,GO_Pro_Human,1
ANO6,ENSG00000177119,Ano6,ENSMUSG00000064210,Pro-apoptotic,GO_Pro_Human,1
ANP32B,ENSG00000136938,,,Pro-apoptotic,GO_Pro_Human,1
APAF1,ENSG00000120868,Apaf1,ENSMUSG00000019979,Pro-apoptotic,"GO_Pro_Human,KEGG,Reactome",3
APBB1,ENSG00000166313,Apbb1,ENSMUSG00000037032,Pro-apoptotic,GO_Pro_Human,1
APC,ENSG00000134982,Apc,ENSMUSG00000005871,Pro-apoptotic,GO_Pro_Human,1
APH1A,ENSG00000117362,Aph1a,ENSMUSG00000015750,Pro-apoptotic,GO_Pro_Human,1
APH1B,ENSG00000138613,Aph1b,ENSMUSG00000032375,Pro-apoptotic,GO_Pro_Human,1
ARHGEF1,ENSG00000076928,Arhgef1,ENSMUSG00000040940,Pro-apoptotic,GO_Pro_Human,1
ARHGEF11,ENSG00000132694,Arhgef11,ENSMUSG00000041977,Pro-apoptotic,GO_Pro_Human,1
ARHGEF12,ENSG00000196914,Arhgef12,ENSMUSG00000059495,Pro-apoptotic,GO_Pro_Human,1
ARHGEF16,ENSG00000130762,Arhgef16,ENSMUSG00000029032,Pro-apoptotic,GO_Pro_Human,1
ARHGEF17,ENSG00000110237,Arhgef17,ENSMUSG00000032875,Pro-apoptotic,GO_Pro_Human,1
ARHGEF18,ENSG00000104880,Arhgef18,ENSMUSG00000004568,Pro-apoptotic,GO_Pro_Human,1
ARHGEF19,ENSG00000291381,Arhgef19,ENSMUSG00000028919,Pro-apoptotic,GO_Pro_Human,1
ARHGEF26,ENSG00000277101,Arhgef26,ENSMUSG00000036885,Pro-apoptotic,GO_Pro_Human,1
ARHGEF3,ENSG00000163947,Arhgef3,ENSMUSG00000021895,Pro-apoptotic,GO_Pro_Human,1
ARHGEF4,ENSG00000136002,Arhgef4,ENSMUSG00000037509,Pro-apoptotic,GO_Pro_Human,1
ARHGEF5,ENSG00000050327,Arhgef5,ENSMUSG00000033542,Pro-apoptotic,GO_Pro_Human,1
ARHGEF6,ENSG00000129675,Arhgef6,ENSMUSG00000031133,Pro-apoptotic,GO_Pro_Human,1
ARHGEF7,ENSG00000102606,Arhgef7,ENSMUSG00000031511,Pro-apoptotic,GO_Pro_Human,1
ARHGEF9,ENSG00000131089,Arhgef9,ENSMUSG00000025656,Pro-apoptotic,GO_Pro_Human,1
ARL6IP5,ENSG00000144746,Arl6ip5,ENSMUSG00000035199,Pro-apoptotic,GO_Pro_Human,1
ATF2,ENSG00000115966,Atf2,ENSMUSG00000027104,Pro-apoptotic,GO_Pro_Human,1
ATF3,ENSG00000162772,Atf3,ENSMUSG00000026628,Pro-apoptotic,"GO_Pro_Human,Hallmark",2
ATF4,ENSG00000128272,Atf4,ENSMUSG00000042406,Pro-apoptotic,GO_Pro_Human,1
ATF6,ENSG00000118217,Atf6,ENSMUSG00000026663,Pro-apoptotic,GO_Pro_Human,1
ATG7,ENSG00000197548,Atg7,ENSMUSG00000030314,Pro-apoptotic,GO_Pro_Human,1
ATM,ENSG00000149311,Atm,ENSMUSG00000034218,Pro-apoptotic,"GO_Pro_Human,KEGG",2
ATP2A3,ENSG00000074370,Atp2a3,ENSMUSG00000020788,Pro-apoptotic,GO_Pro_Human,1
BACE1,ENSG00000186318,Bace1,ENSMUSG00000032086,Pro-apoptotic,GO_Pro_Human,1
BAD,ENSG00000002330,Bad,ENSMUSG00000024959,Pro-apoptotic,"GO_Pro_Human,KEGG,Reactome",3
BAK1,ENSG00000030110,Bak1,ENSMUSG00000057789,Pro-apoptotic,"GO_Pro_Human,Reactome",2
BAX,ENSG00000087088,Bax,ENSMUSG00000003873,Pro-apoptotic,"GO_Pro_Human,Hallmark,KEGG,Reactome",4
BBC3,ENSG00000105327,Bbc3,ENSMUSG00000002083,Pro-apoptotic,"GO_Pro_Human,Reactome",2
BCAP31,ENSG00000185825,Bcap31,ENSMUSG00000002015,Pro-apoptotic,"GO_Pro_Human,Hallmark,Reactome",3
BCL2L11,ENSG00000153094,Bcl2l11,ENSMUSG00000027381,Pro-apoptotic,"GO_Pro_Human,Hallmark,Reactome",3
BCL2L13,ENSG00000099968,Bcl2l13,ENSMUSG00000009112,Pro-apoptotic,GO_Pro_Human,1
BCLAF1,ENSG00000029363,Bclaf1,ENSMUSG00000037608,Pro-apoptotic,GO_Pro_Human,1
BECN1,ENSG00000126581,Becn1,ENSMUSG00000035086,Pro-apoptotic,GO_Pro_Human,1
BIN1,ENSG00000136717,Bin1,ENSMUSG00000024381,Pro-apoptotic,GO_Pro_Human,1
BLID,ENSG00000259571,,,Pro-apoptotic,GO_Pro_Human,1
BLK,ENSG00000136573,Blk,ENSMUSG00000014453,Pro-apoptotic,GO_Pro_Human,1
BLOC1S2,ENSG00000196072,Bloc1s2,ENSMUSG00000057506,Pro-apoptotic,GO_Pro_Human,1
BMF,ENSG00000104081,Bmf,ENSMUSG00000040093,Pro-apoptotic,"GO_Pro_Human,Hallmark,Reactome",3
BMP2,ENSG00000125845,Bmp2,ENSMUSG00000027358,Pro-apoptotic,"GO_Pro_Human,Hallmark",2
BOK,ENSG00000176720,Bok,ENSMUSG00000026278,Pro-apoptotic,GO_Pro_Human,1
BRMS1,ENSG00000174744,Brms1,ENSMUSG00000080268,Pro-apoptotic,GO_Pro_Human,1
BTG1,ENSG00000133639,Btg1,ENSMUSG00000036478,Pro-apoptotic,GO_Pro_Human,1
C1QBP,ENSG00000108561,C1qbp,ENSMUSG00000018446,Pro-apoptotic,"GO_Pro_Human,Reactome",2
C2,ENSG00000231543,C2,ENSMUSG00000024371,Pro-apoptotic,"GO_Pro_Human,GO_Pro_Mouse",2
C3,ENSG00000125730,C3,ENSMUSG00000024164,Pro-apoptotic,"GO_Pro_Human,GO_Pro_Mouse",2
C3ORF38,ENSG00000179021,4930453N24Rik,ENSMUSG00000059920,Pro-apoptotic,GO_Pro_Human,1
C4A,ENSG00000244731,"C4a,C4b",,Pro-apoptotic,GO_Pro_Human,1
C4B,ENSG00000228267,"C4a,C4b",,Pro-apoptotic,GO_Pro_Human,1
CALHM2,ENSG00000138172,Calhm2,ENSMUSG00000033033,Pro-apoptotic,GO_Pro_Human,1
CARD8,ENSG00000105483,,,Pro-apoptotic,"GO_Pro_Human,Reactome",2
CARD9,ENSG00000187796,Card9,ENSMUSG00000026928,Pro-apoptotic,GO_Pro_Human,1
CASP1,ENSG00000137752,Casp1,ENSMUSG00000025888,Pro-apoptotic,"GO_Pro_Human,Hallmark",2
CASP10,ENSG00000003400,,,Pro-apoptotic,"GO_Pro_Human,KEGG",2
CASP12,ENSG00000204403,,,Pro-apoptotic,GO_Pro_Human,1
CASP4,ENSG00000196954,Casp4,ENSMUSG00000033538,Pro-apoptotic,"GO_Pro_Human,Hallmark",2
CASP5,ENSG00000137757,,,Pro-apoptotic,GO_Pro_Human,1
CASP8AP2,ENSG00000288475,Casp8ap2,ENSMUSG00000028282,Pro-apoptotic,GO_Pro_Human,1
CASP9,ENSG00000132906,Casp9,ENSMUSG00000028914,Pro-apoptotic,"GO_Pro_Human,Hallmark,KEGG,Reactome",4
CCAR1,ENSG00000060339,Ccar1,ENSMUSG00000020074,Pro-apoptotic,GO_Pro_Human,1
CCL3,ENSG00000274221,,,Pro-apoptotic,GO_Pro_Human,1
CD160,ENSG00000117281,Cd160,ENSMUSG00000038304,Pro-apoptotic,GO_Pro_Human,1
CD274,ENSG00000120217,Cd274,ENSMUSG00000016496,Pro-apoptotic,GO_Pro_Human,1
CD300LF,ENSG00000186074,Cd300lf,ENSMUSG00000047798,Pro-apoptotic,GO_Pro_Human,1
CD40,ENSG00000101017,Cd40,ENSMUSG00000017652,Pro-apoptotic,GO_Pro_Human,1
CDK5,ENSG00000164885,Cdk5,ENSMUSG00000028969,Pro-apoptotic,"GO_Pro_Human,Reactome",2
CDK5R1,ENSG00000176749,Cdk5r1,ENSMUSG00000048895,Pro-apoptotic,"GO_Pro_Human,Reactome",2
CDKN2A,ENSG00000147889,Cdkn2a,ENSMUSG00000044303,Pro-apoptotic,"GO_Pro_Human,Reactome",2
CHCHD10,ENSG00000273607,Chchd10,ENSMUSG00000049422,Pro-apoptotic,GO_Pro_Human,1
CLEC7A,ENSG00000172243,Clec7a,ENSMUSG00000079293,Pro-apoptotic,GO_Pro_Human,1
CLIP3,ENSG00000105270,Clip3,ENSMUSG00000013921,Pro-apoptotic,GO_Pro_Human,1
COL4A3,ENSG00000169031,Col4a3,ENSMUSG00000079465,Pro-apoptotic,GO_Pro_Human,1
CRADD,ENSG00000169372,Cradd,ENSMUSG00000045867,Pro-apoptotic,GO_Pro_Human,1
CSRNP3,ENSG00000178662,Csrnp3,ENSMUSG00000044647,Pro-apoptotic,GO_Pro_Human,1
CTLA4,ENSG00000163599,Ctla4,ENSMUSG00000026011,Pro-apoptotic,GO_Pro_Human,1
CTNNBL1,ENSG00000132792,Ctnnbl1,ENSMUSG00000027649,Pro-apoptotic,GO_Pro_Human,1
CTSD,ENSG00000117984,Ctsd,ENSMUSG00000007891,Pro-apoptotic,GO_Pro_Human,1
CYCS,ENSG00000172115,Cycs,ENSMUSG00000063694,Pro-apoptotic,"GO_Pro_Human,KEGG,Reactome",3
CYLD,ENSG00000083799,Cyld,ENSMUSG00000036712,Pro-apoptotic,"GO_Pro_Human,Hallmark,Reactome",3
CYP1B1,ENSG00000138061,Cyp1b1,ENSMUSG00000024087,Pro-apoptotic,GO_Pro_Human,1
DAB2IP,ENSG00000136848,Dab2ip,ENSMUSG00000026883,Pro-apoptotic,GO_Pro_Human,1
DAP,ENSG00000112977,Dap,ENSMUSG00000039168,Pro-apoptotic,"GO_Pro_Human,Hallmark",2
DAPK1,ENSG00000196730,Dapk1,ENSMUSG00000021559,Pro-apoptotic,"GO_Pro_Human,Reactome",2
DAPK2,ENSG00000035664,Dapk2,ENSMUSG00000032380,Pro-apoptotic,"GO_Pro_Human,Reactome",2
DAPK3,ENSG00000167657,Dapk3,ENSMUSG00000034974,Pro-apoptotic,"GO_Pro_Human,Reactome",2
DCUN1D3,ENSG00000188215,Dcun1d3,ENSMUSG00000048787,Pro-apoptotic,GO_Pro_Human,1
DDIT3,ENSG00000175197,Ddit3,ENSMUSG00000025408,Pro-apoptotic,"GO_Pro_Human,Hallmark",2
DDX20,ENSG00000064703,Ddx20,ENSMUSG00000027905,Pro-apoptotic,GO_Pro_Human,1
DEDD2,ENSG00000160570,Dedd2,ENSMUSG00000054499,Pro-apoptotic,GO_Pro_Human,1
DIABLO,ENSG00000184047,Diablo,ENSMUSG00000029433,Pro-apoptotic,"GO_Pro_Human,Hallmark,Reactome",3
DKKL1,ENSG00000104901,Dkkl1,ENSMUSG00000030792,Pro-apoptotic,GO_Pro_Human,1
DLC1,ENSG00000164741,Dlc1,ENSMUSG00000031523,Pro-apoptotic,GO_Pro_Human,1
DNM1L,ENSG00000087470,Dnm1l,ENSMUSG00000022789,Pro-apoptotic,"GO_Pro_Human,Hallmark,Reactome",3
DNM2,ENSG00000079805,Dnm2,ENSMUSG00000033335,Pro-apoptotic,GO_Pro_Human,1
DUSP6,ENSG00000139318,Dusp6,ENSMUSG00000019960,Pro-apoptotic,GO_Pro_Human,1
DUSP9,ENSG00000130829,Dusp9,ENSMUSG00000031383,Pro-apoptotic,GO_Pro_Human,1
E2F1,ENSG00000101412,E2f1,ENSMUSG00000027490,Pro-apoptotic,"GO_Pro_Human,Reactome",2
E2F3,ENSG00000112242,E2f3,ENSMUSG00000016477,Pro-apoptotic,GO_Pro_Human,1
ECSCR,ENSG00000249751,Ecscr,ENSMUSG00000073599,Pro-apoptotic,GO_Pro_Human,1
ECT2,ENSG00000114346,Ect2,ENSMUSG00000027699,Pro-apoptotic,GO_Pro_Human,1
EEF1E1,ENSG00000124802,Eef1e1,ENSMUSG00000001707,Pro-apoptotic,GO_Pro_Human,1
EGLN3,ENSG00000129521,Egln3,ENSMUSG00000035105,Pro-apoptotic,GO_Pro_Human,1
EIF2AK3,ENSG00000172071,Eif2ak3,ENSMUSG00000031668,Pro-apoptotic,GO_Pro_Human,1
EIF5A,ENSG00000132507,Eif5a,ENSMUSG00000078812,Pro-apoptotic,GO_Pro_Human,1
EPHA7,ENSG00000135333,Epha7,ENSMUSG00000028289,Pro-apoptotic,GO_Pro_Human,1
ERCC3,ENSG00000163161,Ercc3,ENSMUSG00000024382,Pro-apoptotic,GO_Pro_Human,1
F3,ENSG00000117525,F3,ENSMUSG00000028128,Pro-apoptotic,"GO_Pro_Human,GO_Pro_Mouse",2
FAF1,ENSG00000185104,Faf1,ENSMUSG00000010517,Pro-apoptotic,GO_Pro_Human,1
FAM162A,ENSG00000114023,Fam162a,ENSMUSG00000003955,Pro-apoptotic,GO_Pro_Human,1
FAP,ENSG00000078098,Fap,ENSMUSG00000000392,Pro-apoptotic,GO_Pro_Human,1
FBH1,ENSG00000134452,Fbh1,ENSMUSG00000058594,Pro-apoptotic,GO_Pro_Human,1
FBXW7,ENSG00000109670,Fbxw7,ENSMUSG00000028086,Pro-apoptotic,GO_Pro_Human,1
FGD1,ENSG00000102302,Fgd1,ENSMUSG00000025265,Pro-apoptotic,GO_Pro_Human,1
FGD2,ENSG00000146192,Fgd2,ENSMUSG00000024013,Pro-apoptotic,GO_Pro_Human,1
FGD3,ENSG00000127084,Fgd3,ENSMUSG00000037946,Pro-apoptotic,GO_Pro_Human,1
FGD4,ENSG00000139132,Fgd4,ENSMUSG00000022788,Pro-apoptotic,GO_Pro_Human,1
FIS1,ENSG00000214253,Fis1,ENSMUSG00000019054,Pro-apoptotic,GO_Pro_Human,1
FLCN,ENSG00000154803,Flcn,ENSMUSG00000032633,Pro-apoptotic,GO_Pro_Human,1
FOXA1,ENSG00000129514,Foxa1,ENSMUSG00000035451,Pro-apoptotic,GO_Pro_Human,1
FOXL2,ENSG00000183770,Foxl2,ENSMUSG00000050397,Pro-apoptotic,GO_Pro_Human,1
FOXO3,ENSG00000118689,Foxo3,ENSMUSG00000048756,Pro-apoptotic,"GO_Pro_Human,Reactome",2
FRZB,ENSG00000162998,Frzb,ENSMUSG00000027004,Pro-apoptotic,GO_Pro_Human,1
G0S2,ENSG00000123689,G0s2,ENSMUSG00000009633,Pro-apoptotic,GO_Pro_Human,1
GADD45A,ENSG00000116717,Gadd45a,ENSMUSG00000036390,Pro-apoptotic,"GO_Pro_Human,Hallmark",2
GADD45B,ENSG00000099860,Gadd45b,ENSMUSG00000015312,Pro-apoptotic,"GO_Pro_Human,Hallmark",2
GADD45G,ENSG00000130222,Gadd45g,ENSMUSG00000021453,Pro-apoptotic,GO_Pro_Human,1
GNA13,ENSG00000120063,Gna13,ENSMUSG00000020611,Pro-apoptotic,GO_Pro_Human,1
GPER1,ENSG00000164850,Gper1,ENSMUSG00000053647,Pro-apoptotic,GO_Pro_Human,1
GPLD1,ENSG00000112293,Gpld1,ENSMUSG00000021340,Pro-apoptotic,GO_Pro_Human,1
GRAMD4,ENSG00000075240,Gramd4,ENSMUSG00000035900,Pro-apoptotic,GO_Pro_Human,1
GSDME,ENSG00000105928,Gsdme,ENSMUSG00000029821,Pro-apoptotic,"GO_Pro_Human,Reactome",2
GSK3A,ENSG00000105723,Gsk3a,ENSMUSG00000057177,Pro-apoptotic,"GO_Pro_Human,Reactome",2
GSN,ENSG00000148180,Gsn,ENSMUSG00000026879,Pro-apoptotic,"GO_Pro_Human,Hallmark,Reactome",3
GZMA,ENSG00000145649,Gzma,ENSMUSG00000023132,Pro-apoptotic,GO_Pro_Human,1
GZMB,ENSG00000100453,,,Pro-apoptotic,"GO_Pro_Human,Reactome",2
HCAR2,ENSG00000182782,Hcar2,ENSMUSG00000045502,Pro-apoptotic,GO_Pro_Human,1
HIP1,ENSG00000127946,Hip1,ENSMUSG00000039959,Pro-apoptotic,GO_Pro_Human,1
HIP1R,ENSG00000130787,Hip1r,ENSMUSG00000000915,Pro-apoptotic,GO_Pro_Human,1
HLA-G,ENSG00000235680,H2-M3,ENSMUSG00000016206,Pro-apoptotic,GO_Pro_Human,1
HMGB1,ENSG00000189403,,,Pro-apoptotic,"GO_Pro_Human,Reactome",2
HOXA5,ENSG00000106004,Hoxa5,ENSMUSG00000038253,Pro-apoptotic,GO_Pro_Human,1
HRG,ENSG00000113905,,,Pro-apoptotic,GO_Pro_Human,1
HRK,ENSG00000135116,,,Pro-apoptotic,GO_Pro_Human,1
HSPE1,ENSG00000115541,Hspe1,ENSMUSG00000073676,Pro-apoptotic,GO_Pro_Human,1
HYAL2,ENSG00000068001,Hyal2,ENSMUSG00000010047,Pro-apoptotic,GO_Pro_Human,1
IAPP,ENSG00000121351,Iapp,ENSMUSG00000041681,Pro-apoptotic,GO_Pro_Human,1
IDO1,ENSG00000131203,Ido1,ENSMUSG00000031551,Pro-apoptotic,GO_Pro_Human,1
IFIT2,ENSG00000119922,Ifit2,ENSMUSG00000045932,Pro-apoptotic,GO_Pro_Human,1
IFNB1,ENSG00000171855,Ifnb1,ENSMUSG00000048806,Pro-apoptotic,"GO_Pro_Human,Hallmark",2
IFNG,ENSG00000111537,Ifng,ENSMUSG00000055170,Pro-apoptotic,GO_Pro_Human,1
IFT57,ENSG00000114446,Ift57,ENSMUSG00000032965,Pro-apoptotic,GO_Pro_Human,1
IGFBP3,ENSG00000146674,Igfbp3,ENSMUSG00000020427,Pro-apoptotic,GO_Pro_Human,1
IL12A,ENSG00000168811,Il12a,ENSMUSG00000027776,Pro-apoptotic,GO_Pro_Human,1
IL12B,ENSG00000113302,Il12b,ENSMUSG00000004296,Pro-apoptotic,GO_Pro_Human,1
ING3,ENSG00000071243,Ing3,ENSMUSG00000029670,Pro-apoptotic,GO_Pro_Human,1
ING4,ENSG00000111653,Ing4,ENSMUSG00000030330,Pro-apoptotic,GO_Pro_Human,1
ING5,ENSG00000168395,Ing5,ENSMUSG00000026283,Pro-apoptotic,GO_Pro_Human,1
INHBA,ENSG00000122641,Inhba,ENSMUSG00000041324,Pro-apoptotic,GO_Pro_Human,1
IP6K2,ENSG00000068745,Ip6k2,ENSMUSG00000032599,Pro-apoptotic,GO_Pro_Human,1
IRF5,ENSG00000128604,Irf5,ENSMUSG00000029771,Pro-apoptotic,GO_Pro_Human,1
ITGA4,ENSG00000115232,Itga4,ENSMUSG00000027009,Pro-apoptotic,GO_Pro_Human,1
ITGAM,ENSG00000169896,Itgam,ENSMUSG00000030786,Pro-apoptotic,GO_Pro_Human,1
ITGB3BP,ENSG00000142856,Itgb3bp,ENSMUSG00000028549,Pro-apoptotic,GO_Pro_Human,1
ITSN1,ENSG00000205726,Itsn1,ENSMUSG00000022957,Pro-apoptotic,GO_Pro_Human,1
JAK2,ENSG00000096968,Jak2,ENSMUSG00000024789,Pro-apoptotic,GO_Pro_Human,1
JMY,ENSG00000152409,Jmy,ENSMUSG00000021690,Pro-apoptotic,GO_Pro_Human,1
JUN,ENSG00000177606,Jun,ENSMUSG00000052684,Pro-apoptotic,"GO_Pro_Human,Hallmark,Reactome",3
KALRN,ENSG00000160145,Kalrn,ENSMUSG00000061751,Pro-apoptotic,GO_Pro_Human,1
KCNMA1,ENSG00000156113,Kcnma1,ENSMUSG00000063142,Pro-apoptotic,GO_Pro_Human,1
KHDC1,ENSG00000135314,,,Pro-apoptotic,GO_Pro_Human,1
KHDC1L,ENSG00000256980,"Khdc1a,Khdc1b,Khdc1c",,Pro-apoptotic,GO_Pro_Human,1
KLF11,ENSG00000172059,Klf11,ENSMUSG00000020653,Pro-apoptotic,GO_Pro_Human,1
KNG1,ENSG00000113889,"Kng1,Kng2",,Pro-apoptotic,GO_Pro_Human,1
LAPTM5,ENSG00000162511,Laptm5,ENSMUSG00000028581,Pro-apoptotic,GO_Pro_Human,1
LATS1,ENSG00000131023,Lats1,ENSMUSG00000040021,Pro-apoptotic,GO_Pro_Human,1
LATS2,ENSG00000150457,Lats2,ENSMUSG00000021959,Pro-apoptotic,GO_Pro_Human,1
LCK,ENSG00000182866,Lck,ENSMUSG00000000409,Pro-apoptotic,GO_Pro_Human,1
LGALS16,ENSG00000249861,,,Pro-apoptotic,GO_Pro_Human,1
LGALS9,ENSG00000168961,,,Pro-apoptotic,GO_Pro_Human,1
LTBR,ENSG00000111321,Ltbr,ENSMUSG00000030339,Pro-apoptotic,GO_Pro_Human,1
LYN,ENSG00000254087,Lyn,ENSMUSG00000042228,Pro-apoptotic,GO_Pro_Human,1
MAP3K10,ENSG00000130758,Map3k10,ENSMUSG00000040390,Pro-apoptotic,GO_Pro_Human,1
MAP3K11,ENSG00000173327,Map3k11,ENSMUSG00000004054,Pro-apoptotic,GO_Pro_Human,1
MAP3K20,ENSG00000091436,Map3k20,ENSMUSG00000004085,Pro-apoptotic,GO_Pro_Human,1
MAP3K5,ENSG00000197442,Map3k5,ENSMUSG00000071369,Pro-apoptotic,GO_Pro_Human,1
MAPT,ENSG00000276155,Mapt,ENSMUSG00000018411,Pro-apoptotic,"GO_Pro_Human,Reactome",2
MCF2,ENSG00000101977,Mcf2,ENSMUSG00000031139,Pro-apoptotic,GO_Pro_Human,1
MCF2L,ENSG00000126217,Mcf2l,ENSMUSG00000031442,Pro-apoptotic,GO_Pro_Human,1
MELK,ENSG00000165304,Melk,ENSMUSG00000035683,Pro-apoptotic,GO_Pro_Human,1
MFN2,ENSG00000116688,Mfn2,ENSMUSG00000029020,Pro-apoptotic,GO_Pro_Human,1
MLLT11,ENSG00000213190,Mllt11,ENSMUSG00000053192,Pro-apoptotic,GO_Pro_Human,1
MNDA,ENSG00000163563,,,Pro-apoptotic,GO_Pro_Human,1
MOAP1,ENSG00000165943,Moap1,ENSMUSG00000096458,Pro-apoptotic,GO_Pro_Human,1
MSX1,ENSG00000163132,Msx1,ENSMUSG00000048450,Pro-apoptotic,GO_Pro_Human,1
MTCH1,ENSG00000137409,Mtch1,ENSMUSG00000024012,Pro-apoptotic,GO_Pro_Human,1
MTCH2,ENSG00000109919,Mtch2,ENSMUSG00000027282,Pro-apoptotic,GO_Pro_Human,1
MUL1,ENSG00000090432,Mul1,ENSMUSG00000041241,Pro-apoptotic,GO_Pro_Human,1
MYBBP1A,ENSG00000132382,Mybbp1a,ENSMUSG00000040463,Pro-apoptotic,GO_Pro_Human,1
NACC2,ENSG00000148411,Nacc2,ENSMUSG00000026932,Pro-apoptotic,GO_Pro_Human,1
NCK1,ENSG00000158092,Nck1,ENSMUSG00000032475,Pro-apoptotic,GO_Pro_Human,1
NCSTN,ENSG00000162736,Ncstn,ENSMUSG00000003458,Pro-apoptotic,GO_Pro_Human,1
NET1,ENSG00000173848,Net1,ENSMUSG00000021215,Pro-apoptotic,GO_Pro_Human,1
NEURL1,ENSG00000107954,Neurl1a,ENSMUSG00000006435,Pro-apoptotic,GO_Pro_Human,1
NF1,ENSG00000196712,Nf1,ENSMUSG00000020716,Pro-apoptotic,GO_Pro_Human,1
NGEF,ENSG00000066248,Ngef,ENSMUSG00000026259,Pro-apoptotic,GO_Pro_Human,1
NKX3-1,ENSG00000167034,Nkx3-1,ENSMUSG00000022061,Pro-apoptotic,GO_Pro_Human,1
NLRC4,ENSG00000091106,Nlrc4,ENSMUSG00000039193,Pro-apoptotic,GO_Pro_Human,1
NLRP1,ENSG00000091592,Nlrp1b,ENSMUSG00000070390,Pro-apoptotic,GO_Pro_Human,1
NLRP12,ENSG00000142405,Nlrp12,ENSMUSG00000078817,Pro-apoptotic,GO_Pro_Human,1
NLRP2,ENSG00000022556,Nlrp2,ENSMUSG00000035177,Pro-apoptotic,GO_Pro_Human,1
NLRP2B,ENSG00000215174,,,Pro-apoptotic,GO_Pro_Human,1
NLRP3,ENSG00000162711,Nlrp3,ENSMUSG00000032691,Pro-apoptotic,GO_Pro_Human,1
NMT1,ENSG00000136448,Nmt1,ENSMUSG00000020936,Pro-apoptotic,"GO_Pro_Human,Reactome",2
NOD1,ENSG00000106100,Nod1,ENSMUSG00000038058,Pro-apoptotic,GO_Pro_Human,1
NODAL,ENSG00000156574,Nodal,ENSMUSG00000037171,Pro-apoptotic,GO_Pro_Human,1
OBSCN,ENSG00000154358,Obscn,ENSMUSG00000061462,Pro-apoptotic,GO_Pro_Human,1
OLFM1,ENSG00000130558,Olfm1,ENSMUSG00000026833,Pro-apoptotic,GO_Pro_Human,1
OMA1,ENSG00000162600,Oma1,ENSMUSG00000035069,Pro-apoptotic,"GO_Pro_Human,Reactome",2
PANO1,ENSG00000288675,,,Pro-apoptotic,GO_Pro_Human,1
PAWR,ENSG00000177425,Pawr,ENSMUSG00000035873,Pro-apoptotic,GO_Pro_Human,1
PCSK9,ENSG00000169174,Pcsk9,ENSMUSG00000044254,Pro-apoptotic,GO_Pro_Human,1
PDCD1,ENSG00000188389,Pdcd1,ENSMUSG00000026285,Pro-apoptotic,GO_Pro_Human,1
PDCD2,ENSG00000071994,Pdcd2,ENSMUSG00000014771,Pro-apoptotic,GO_Pro_Human,1
PDCD4,ENSG00000150593,Pdcd4,ENSMUSG00000024975,Pro-apoptotic,"GO_Pro_Human,Hallmark",2
PDCD5,ENSG00000105185,"Pdcd5,Pdcd5-ps",,Pro-apoptotic,GO_Pro_Human,1
PDCD6,ENSG00000249915,Pdcd6,ENSMUSG00000021576,Pro-apoptotic,GO_Pro_Human,1
PHLDA1,ENSG00000139289,Phlda1,ENSMUSG00000020205,Pro-apoptotic,GO_Pro_Human,1
PHLDA3,ENSG00000174307,Phlda3,ENSMUSG00000041801,Pro-apoptotic,GO_Pro_Human,1
PIAS4,ENSG00000105229,Pias4,ENSMUSG00000004934,Pro-apoptotic,GO_Pro_Human,1
PIK3CB,ENSG00000051382,Pik3cb,ENSMUSG00000032462,Pro-apoptotic,"GO_Pro_Human,KEGG",2
PIK3CD,ENSG00000171608,Pik3cd,ENSMUSG00000039936,Pro-apoptotic,"GO_Pro_Human,KEGG",2
PIP5KL1,ENSG00000167103,Pip5kl1,ENSMUSG00000046854,Pro-apoptotic,GO_Pro_Human,1
PLA2G1B,ENSG00000170890,Pla2g1b,ENSMUSG00000029522,Pro-apoptotic,GO_Pro_Human,1
PLA2R1,ENSG00000153246,Pla2r1,ENSMUSG00000054580,Pro-apoptotic,GO_Pro_Human,1
PLCG1,ENSG00000124181,Plcg1,ENSMUSG00000016933,Pro-apoptotic,GO_Pro_Human,1
PLEKHG2,ENSG00000090924,Plekhg2,ENSMUSG00000037552,Pro-apoptotic,GO_Pro_Human,1
PLEKHG5,ENSG00000171680,Plekhg5,ENSMUSG00000039713,Pro-apoptotic,GO_Pro_Human,1
PLEKHN1,ENSG00000187583,Plekhn1,ENSMUSG00000078485,Pro-apoptotic,GO_Pro_Human,1
PMAIP1,ENSG00000141682,,,Pro-apoptotic,"GO_Pro_Human,Hallmark,Reactome",3
PML,ENSG00000140464,Pml,ENSMUSG00000036986,Pro-apoptotic,GO_Pro_Human,1
PNMA1,ENSG00000176903,Pnma1,ENSMUSG00000054383,Pro-apoptotic,GO_Pro_Human,1
PNMA2,ENSG00000240694,Pnma2,ENSMUSG00000046204,Pro-apoptotic,GO_Pro_Human,1
PNMA3,ENSG00000183837,Pnma3,ENSMUSG00000046287,Pro-apoptotic,GO_Pro_Human,1
PNMA5,ENSG00000292194,Pnma5,ENSMUSG00000050424,Pro-apoptotic,GO_Pro_Human,1
PPARG,ENSG00000132170,Pparg,ENSMUSG00000000440,Pro-apoptotic,GO_Pro_Human,1
PPID,ENSG00000171497,Ppid,ENSMUSG00000027804,Pro-apoptotic,GO_Pro_Human,1
PPM1F,ENSG00000100034,Ppm1f,ENSMUSG00000026181,Pro-apoptotic,GO_Pro_Human,1
PPP1R13B,ENSG00000088808,Ppp1r13b,ENSMUSG00000021285,Pro-apoptotic,"GO_Pro_Human,Reactome",2
PPP2R1B,ENSG00000137713,Ppp2r1b,ENSMUSG00000032058,Pro-apoptotic,GO_Pro_Human,1
PPP3CC,ENSG00000120910,Ppp3cc,ENSMUSG00000022092,Pro-apoptotic,"GO_Pro_Human,KEGG,Reactome",3
PPP3R1,ENSG00000221823,Ppp3r1,ENSMUSG00000033953,Pro-apoptotic,"GO_Pro_Human,Hallmark,KEGG,Reactome",4
PRDM11,ENSG00000019485,Prdm11,ENSMUSG00000075028,Pro-apoptotic,GO_Pro_Human,1
PREX1,ENSG00000124126,Prex1,ENSMUSG00000039621,Pro-apoptotic,GO_Pro_Human,1
PRMT2,ENSG00000160310,Prmt2,ENSMUSG00000020230,Pro-apoptotic,GO_Pro_Human,1
PRNP,ENSG00000171867,Prnp,ENSMUSG00000079037,Pro-apoptotic,GO_Pro_Human,1
PRR7,ENSG00000131188,Prr7,ENSMUSG00000034686,Pro-apoptotic,GO_Pro_Human,1
PSENEN,ENSG00000205155,Psenen,ENSMUSG00000036835,Pro-apoptotic,GO_Pro_Human,1
PTEN,ENSG00000284792,Pten,ENSMUSG00000013663,Pro-apoptotic,GO_Pro_Human,1
PTGIS,ENSG00000124212,Ptgis,ENSMUSG00000017969,Pro-apoptotic,GO_Pro_Human,1
PTPA,ENSG00000119383,Ptpa,ENSMUSG00000039515,Pro-apoptotic,GO_Pro_Human,1
PXT1,ENSG00000179165,,,Pro-apoptotic,GO_Pro_Human,1
PYCARD,ENSG00000103490,Pycard,ENSMUSG00000030793,Pro-apoptotic,GO_Pro_Human,1
QRICH1,ENSG00000198218,Qrich1,ENSMUSG00000006673,Pro-apoptotic,GO_Pro_Human,1
RACK1,ENSG00000204628,Rack1,ENSMUSG00000020372,Pro-apoptotic,GO_Pro_Human,1
RAPGEF2,ENSG00000109756,Rapgef2,ENSMUSG00000062232,Pro-apoptotic,GO_Pro_Human,1
RARG,ENSG00000172819,Rarg,ENSMUSG00000001288,Pro-apoptotic,GO_Pro_Human,1
RASGRF2,ENSG00000113319,Rasgrf2,ENSMUSG00000021708,Pro-apoptotic,GO_Pro_Human,1
RASSF2,ENSG00000101265,Rassf2,ENSMUSG00000027339,Pro-apoptotic,GO_Pro_Human,1
RBM5,ENSG00000003756,Rbm5,ENSMUSG00000032580,Pro-apoptotic,GO_Pro_Human,1
REST,ENSG00000084093,Rest,ENSMUSG00000029249,Pro-apoptotic,GO_Pro_Human,1
RET,ENSG00000165731,Ret,ENSMUSG00000030110,Pro-apoptotic,GO_Pro_Human,1
RFPL1,ENSG00000128250,,,Pro-apoptotic,GO_Pro_Human,1
RGCC,ENSG00000102760,Rgcc,ENSMUSG00000022018,Pro-apoptotic,GO_Pro_Human,1
RHOB,ENSG00000143878,Rhob,ENSMUSG00000054364,Pro-apoptotic,"GO_Pro_Human,Hallmark",2
RHOT1,ENSG00000126858,Rhot1,ENSMUSG00000017686,Pro-apoptotic,GO_Pro_Human,1
RHOT2,ENSG00000140983,Rhot2,ENSMUSG00000025733,Pro-apoptotic,"GO_Pro_Human,Hallmark",2
RNF122,ENSG00000133874,Rnf122,ENSMUSG00000039328,Pro-apoptotic,GO_Pro_Human,1
RNF183,ENSG00000165188,Rnf183,ENSMUSG00000063851,Pro-apoptotic,GO_Pro_Human,1
RNPS1,ENSG00000205937,Rnps1,ENSMUSG00000034681,Pro-apoptotic,GO_Pro_Human,1
ROBO1,ENSG00000169855,Robo1,ENSMUSG00000022883,Pro-apoptotic,GO_Pro_Human,1
RPL26,ENSG00000161970,Rpl26,ENSMUSG00000060938,Pro-apoptotic,GO_Pro_Human,1
RPS27L,ENSG00000185088,Rps27l,ENSMUSG00000036781,Pro-apoptotic,GO_Pro_Human,1
RPS3,ENSG00000149273,Rps3,ENSMUSG00000030744,Pro-apoptotic,GO_Pro_Human,1
RPS6,ENSG00000137154,Rps6,ENSMUSG00000028495,Pro-apoptotic,GO_Pro_Human,1
RPS6KA2,ENSG00000071242,Rps6ka2,ENSMUSG00000023809,Pro-apoptotic,GO_Pro_Human,1
RPS7,ENSG00000171863,Rps7,ENSMUSG00000061477,Pro-apoptotic,GO_Pro_Human,1
RRP1B,ENSG00000160208,Rrp1b,ENSMUSG00000058392,Pro-apoptotic,GO_Pro_Human,1
RTL10,ENSG00000215012,,,Pro-apoptotic,GO_Pro_Human,1
RYBP,ENSG00000163602,"Rybp,Rybp-ps",,Pro-apoptotic,GO_Pro_Human,1
S100A8,ENSG00000143546,S100a8,ENSMUSG00000056054,Pro-apoptotic,GO_Pro_Human,1
S100A9,ENSG00000163220,S100a9,ENSMUSG00000056071,Pro-apoptotic,GO_Pro_Human,1
SAP18,ENSG00000150459,"Sap18,Sap18b",,Pro-apoptotic,GO_Pro_Human,1
SCIN,ENSG00000006747,Scin,ENSMUSG00000002565,Pro-apoptotic,GO_Pro_Human,1
SCRIB,ENSG00000180900,Scrib,ENSMUSG00000022568,Pro-apoptotic,GO_Pro_Human,1
SENP1,ENSG00000079387,Senp1,ENSMUSG00000033075,Pro-apoptotic,GO_Pro_Human,1
SEPTIN4,ENSG00000108387,Septin4,ENSMUSG00000020486,Pro-apoptotic,"GO_Pro_Human,Reactome",2
SFRP4,ENSG00000106483,Sfrp4,ENSMUSG00000021319,Pro-apoptotic,GO_Pro_Human,1
SHQ1,ENSG00000144736,Shq1,ENSMUSG00000035378,Pro-apoptotic,GO_Pro_Human,1
SIAH1,ENSG00000196470,Siah1a,ENSMUSG00000036840,Pro-apoptotic,GO_Pro_Human,1
SIK1,ENSG00000142178,,,Pro-apoptotic,GO_Pro_Human,1
SIRT2,ENSG00000068903,Sirt2,ENSMUSG00000015149,Pro-apoptotic,GO_Pro_Human,1
SLC22A2,ENSG00000112499,Slc22a2,ENSMUSG00000040966,Pro-apoptotic,GO_Pro_Human,1
SLC27A4,ENSG00000167114,Slc27a4,ENSMUSG00000059316,Pro-apoptotic,GO_Pro_Human,1
SLC9A3R1,,,,Pro-apoptotic,GO_Pro_Human,1
SLIT2,ENSG00000145147,Slit2,ENSMUSG00000031558,Pro-apoptotic,GO_Pro_Human,1
SMAD3,ENSG00000166949,Smad3,ENSMUSG00000032402,Pro-apoptotic,GO_Pro_Human,1
SMPD1,ENSG00000166311,Smpd1,ENSMUSG00000037049,Pro-apoptotic,GO_Pro_Human,1
SOS1,ENSG00000115904,Sos1,ENSMUSG00000024241,Pro-apoptotic,GO_Pro_Human,1
SOS2,ENSG00000100485,Sos2,ENSMUSG00000034801,Pro-apoptotic,GO_Pro_Human,1
SOX4,ENSG00000124766,Sox4,ENSMUSG00000076431,Pro-apoptotic,GO_Pro_Human,1
SOX7,ENSG00000171056,Sox7,ENSMUSG00000063060,Pro-apoptotic,GO_Pro_Human,1
SPDEF,ENSG00000124664,Spdef,ENSMUSG00000024215,Pro-apoptotic,GO_Pro_Human,1
SPHK2,ENSG00000063176,Sphk2,ENSMUSG00000057342,Pro-apoptotic,GO_Pro_Human,1
SRPK2,ENSG00000135250,Srpk2,ENSMUSG00000062604,Pro-apoptotic,GO_Pro_Human,1
ST18,ENSG00000147488,St18,ENSMUSG00000033740,Pro-apoptotic,GO_Pro_Human,1
STK17A,ENSG00000164543,,,Pro-apoptotic,GO_Pro_Human,1
STK17B,ENSG00000081320,Stk17b,ENSMUSG00000026094,Pro-apoptotic,GO_Pro_Human,1
STK3,ENSG00000104375,Stk3,ENSMUSG00000022329,Pro-apoptotic,GO_Pro_Human,1
STK4,ENSG00000101109,Stk4,ENSMUSG00000018209,Pro-apoptotic,GO_Pro_Human,1
STPG1,ENSG00000001460,Stpg1,ENSMUSG00000028801,Pro-apoptotic,GO_Pro_Human,1
STYXL1,ENSG00000127952,Styxl1,ENSMUSG00000019178,Pro-apoptotic,GO_Pro_Human,1
SUDS3,ENSG00000111707,Suds3,ENSMUSG00000066900,Pro-apoptotic,GO_Pro_Human,1
SYK,ENSG00000165025,Syk,ENSMUSG00000021457,Pro-apoptotic,GO_Pro_Human,1
TCTN3,ENSG00000119977,Tctn3,ENSMUSG00000025008,Pro-apoptotic,GO_Pro_Human,1
TFAP4,ENSG00000090447,Tfap4,ENSMUSG00000005718,Pro-apoptotic,GO_Pro_Human,1
TFDP1,ENSG00000198176,Tfdp1,ENSMUSG00000038482,Pro-apoptotic,"GO_Pro_Human,Reactome",2
TFDP2,ENSG00000114126,Tfdp2,ENSMUSG00000032411,Pro-apoptotic,"GO_Pro_Human,Reactome",2
TFPT,ENSG00000105619,Tfpt,ENSMUSG00000006335,Pro-apoptotic,GO_Pro_Human,1
TGFB2,ENSG00000092969,Tgfb2,ENSMUSG00000039239,Pro-apoptotic,"GO_Pro_Human,Hallmark",2
TGM2,ENSG00000198959,Tgm2,ENSMUSG00000037820,Pro-apoptotic,GO_Pro_Human,1
TIAM1,ENSG00000156299,Tiam1,ENSMUSG00000002489,Pro-apoptotic,GO_Pro_Human,1
TIAM2,ENSG00000146426,Tiam2,ENSMUSG00000023800,Pro-apoptotic,GO_Pro_Human,1
TIMP3,ENSG00000100234,Timp3,ENSMUSG00000020044,Pro-apoptotic,"GO_Pro_Human,Hallmark",2
TLE5,ENSG00000104964,Tle5,ENSMUSG00000054452,Pro-apoptotic,GO_Pro_Human,1
TNFRSF10C,ENSG00000173535,,,Pro-apoptotic,"GO_Pro_Human,KEGG",2
TNFRSF12A,ENSG00000006327,Tnfrsf12a,ENSMUSG00000023905,Pro-apoptotic,"GO_Pro_Human,Hallmark",2
TNFRSF8,ENSG00000120949,Tnfrsf8,ENSMUSG00000028602,Pro-apoptotic,GO_Pro_Human,1
TNFSF12,ENSG00000239697,Tnfsf12,ENSMUSG00000097328,Pro-apoptotic,GO_Pro_Human,1
TNFSF15,ENSG00000181634,Tnfsf15,ENSMUSG00000050395,Pro-apoptotic,GO_Pro_Human,1
TOP2A,ENSG00000131747,Top2a,ENSMUSG00000020914,Pro-apoptotic,"GO_Pro_Human,Hallmark",2
TP53BP2,ENSG00000143514,Trp53bp2,ENSMUSG00000026510,Pro-apoptotic,"GO_Pro_Human,Reactome",2
TP63,ENSG00000073282,Trp63,ENSMUSG00000022510,Pro-apoptotic,"GO_Pro_Human,Reactome",2
TP73,ENSG00000078900,Trp73,ENSMUSG00000029026,Pro-apoptotic,"GO_Pro_Human,Reactome",2
TPD52L1,ENSG00000111907,Tpd52l1,ENSMUSG00000000296,Pro-apoptotic,GO_Pro_Human,1
TRAF7,ENSG00000131653,Traf7,ENSMUSG00000052752,Pro-apoptotic,GO_Pro_Human,1
TRIM35,ENSG00000104228,Trim35,ENSMUSG00000022043,Pro-apoptotic,GO_Pro_Human,1
TRIM39,ENSG00000206495,Trim39,ENSMUSG00000045409,Pro-apoptotic,GO_Pro_Human,1
TRIO,ENSG00000038382,Trio,ENSMUSG00000022263,Pro-apoptotic,GO_Pro_Human,1
TYROBP,ENSG00000011600,Tyrobp,ENSMUSG00000030579,Pro-apoptotic,GO_Pro_Human,1
UACA,ENSG00000137831,Uaca,ENSMUSG00000034485,Pro-apoptotic,"GO_Pro_Human,Reactome",2
UBD,ENSG00000206513,Ubd,ENSMUSG00000035186,Pro-apoptotic,GO_Pro_Human,1
UNC13B,ENSG00000198722,Unc13b,ENSMUSG00000028456,Pro-apoptotic,GO_Pro_Human,1
USP17L24,ENSG00000232264,,,Pro-apoptotic,GO_Pro_Human,1
USP27X,ENSG00000273820,Usp27x,ENSMUSG00000046269,Pro-apoptotic,GO_Pro_Human,1
UTP11,ENSG00000183520,Utp11,ENSMUSG00000028907,Pro-apoptotic,GO_Pro_Human,1
VAV1,ENSG00000141968,Vav1,ENSMUSG00000034116,Pro-apoptotic,GO_Pro_Human,1
VAV2,ENSG00000160293,Vav2,ENSMUSG00000009621,Pro-apoptotic,GO_Pro_Human,1
VAV3,ENSG00000134215,Vav3,ENSMUSG00000033721,Pro-apoptotic,GO_Pro_Human,1
VCP,ENSG00000165280,Vcp,ENSMUSG00000028452,Pro-apoptotic,GO_Pro_Human,1
VDAC2,ENSG00000165637,Vdac2,ENSMUSG00000021771,Pro-apoptotic,"GO_Pro_Human,Hallmark",2
WNT10B,ENSG00000169884,Wnt10b,ENSMUSG00000022996,Pro-apoptotic,GO_Pro_Human,1
WWOX,ENSG00000186153,Wwox,ENSMUSG00000004637,Pro-apoptotic,GO_Pro_Human,1
XDH,ENSG00000158125,Xdh,ENSMUSG00000024066,Pro-apoptotic,GO_Pro_Human,1
YWHAB,ENSG00000166913,Ywhab,ENSMUSG00000018326,Pro-apoptotic,"GO_Pro_Human,Reactome",2
YWHAG,ENSG00000170027,Ywhag,ENSMUSG00000051391,Pro-apoptotic,"GO_Pro_Human,Reactome",2
YWHAH,ENSG00000128245,Ywhah,ENSMUSG00000018965,Pro-apoptotic,"GO_Pro_Human,Reactome",2
YWHAQ,ENSG00000134308,"Ywhaq,Ywhaq-ps3",,Pro-apoptotic,"GO_Pro_Human,Reactome",2
ZBP1,ENSG00000124256,Zbp1,ENSMUSG00000027514,Pro-apoptotic,GO_Pro_Human,1
ZC3H8,ENSG00000144161,Zc3h8,ENSMUSG00000027387,Pro-apoptotic,GO_Pro_Human,1
ZNF205,ENSG00000122386,Zfp13,ENSMUSG00000062012,Pro-apoptotic,GO_Pro_Human,1
ZNF622,ENSG00000173545,Zfp622,ENSMUSG00000052253,Pro-apoptotic,GO_Pro_Human,1
AATF,ENSG00000275700,Aatf,ENSMUSG00000018697,Anti-apoptotic,GO_Anti_Human,1
ACAA2,ENSG00000167315,Acaa2,ENSMUSG00000036880,Anti-apoptotic,GO_Anti_Human,1
ACKR3,ENSG00000144476,Ackr3,ENSMUSG00000044337,Anti-apoptotic,GO_Anti_Human,1
ACVR1,ENSG00000115170,Acvr1,ENSMUSG00000026836,Anti-apoptotic,GO_Anti_Human,1
ADAM10,ENSG00000137845,Adam10,ENSMUSG00000054693,Anti-apoptotic,GO_Anti_Human,1
AGAP2,ENSG00000135439,Agap2,ENSMUSG00000025422,Anti-apoptotic,GO_Anti_Human,1
AHI1,ENSG00000135541,Ahi1,ENSMUSG00000019986,Anti-apoptotic,GO_Anti_Human,1
AKT1,ENSG00000142208,Akt1,ENSMUSG00000001729,Anti-apoptotic,"GO_Anti_Human,KEGG,Reactome",3
AKT2,ENSG00000105221,Akt2,ENSMUSG00000004056,Anti-apoptotic,"GO_Anti_Human,KEGG,Reactome",3
ALB,ENSG00000163631,Alb,ENSMUSG00000029368,Anti-apoptotic,GO_Anti_Human,1
ALOX12,ENSG00000108839,Alox12,ENSMUSG00000000320,Anti-apoptotic,GO_Anti_Human,1
ANGPT1,ENSG00000154188,Angpt1,ENSMUSG00000022309,Anti-apoptotic,GO_Anti_Human,1
ANGPT4,ENSG00000101280,Angpt4,ENSMUSG00000027460,Anti-apoptotic,GO_Anti_Human,1
ANGPTL4,ENSG00000167772,Angptl4,ENSMUSG00000002289,Anti-apoptotic,GO_Anti_Human,1
ANKLE2,ENSG00000176915,Ankle2,ENSMUSG00000029501,Anti-apoptotic,GO_Anti_Human,1
ANXA4,ENSG00000196975,Anxa4,ENSMUSG00000029994,Anti-apoptotic,GO_Anti_Human,1
ANXA5,ENSG00000164111,Anxa5,ENSMUSG00000027712,Anti-apoptotic,GO_Anti_Human,1
API5,ENSG00000166181,Api5,ENSMUSG00000027193,Anti-apoptotic,GO_Anti_Human,1
APIP,ENSG00000149089,Apip,ENSMUSG00000010911,Anti-apoptotic,"GO_Anti_Human,Reactome",2
APOE,ENSG00000130203,Apoe,ENSMUSG00000002985,Anti-apoptotic,GO_Anti_Human,1
APOH,ENSG00000091583,Apoh,ENSMUSG00000000049,Anti-apoptotic,GO_Anti_Human,1
AQP1,ENSG00000240583,Aqp1,ENSMUSG00000004655,Anti-apoptotic,GO_Anti_Human,1
AR,ENSG00000169083,Ar,ENSMUSG00000046532,Anti-apoptotic,GO_Anti_Human,1
ARAF,ENSG00000078061,Araf,ENSMUSG00000001127,Anti-apoptotic,GO_Anti_Human,1
AREL1,ENSG00000119682,Arel1,ENSMUSG00000042350,Anti-apoptotic,GO_Anti_Human,1
ARF4,ENSG00000168374,Arf4,ENSMUSG00000021877,Anti-apoptotic,GO_Anti_Human,1
ARHGAP10,ENSG00000071205,Arhgap10,ENSMUSG00000037148,Anti-apoptotic,"GO_Anti_Human,Reactome",2
ARHGDIA,ENSG00000141522,Arhgdia,ENSMUSG00000025132,Anti-apoptotic,GO_Anti_Human,1
ARL6IP1,ENSG00000170540,Arl6ip1,ENSMUSG00000030654,Anti-apoptotic,GO_Anti_Human,1
ARMC10,ENSG00000170632,Armc10,ENSMUSG00000038525,Anti-apoptotic,GO_Anti_Human,1
ASAH2,ENSG00000188611,Asah2,ENSMUSG00000024887,Anti-apoptotic,GO_Anti_Human,1
ASCL1,ENSG00000139352,Ascl1,ENSMUSG00000020052,Anti-apoptotic,GO_Anti_Human,1
ASNS,ENSG00000070669,Asns,ENSMUSG00000029752,Anti-apoptotic,GO_Anti_Human,1
ATAD3A,ENSG00000197785,Atad3a,ENSMUSG00000029036,Anti-apoptotic,GO_Anti_Human,1
ATF5,ENSG00000169136,Atf5,ENSMUSG00000038539,Anti-apoptotic,GO_Anti_Human,1
AURKB,ENSG00000178999,Aurkb,ENSMUSG00000020897,Anti-apoptotic,GO_Anti_Human,1
AVEN,ENSG00000169857,Aven,ENSMUSG00000003604,Anti-apoptotic,"GO_Anti_Human,Reactome",2
AVP,ENSG00000101200,Avp,ENSMUSG00000037727,Anti-apoptotic,GO_Anti_Human,1
AXL,ENSG00000167601,Axl,ENSMUSG00000002602,Anti-apoptotic,GO_Anti_Human,1
AZU1,ENSG00000278624,,,Anti-apoptotic,GO_Anti_Human,1
BABAM2,ENSG00000158019,Babam2,ENSMUSG00000052139,Anti-apoptotic,GO_Anti_Human,1
BAG1,ENSG00000107262,Bag1,ENSMUSG00000028416,Anti-apoptotic,GO_Anti_Human,1
BAG3,ENSG00000151929,Bag3,ENSMUSG00000030847,Anti-apoptotic,GO_Anti_Human,1
BAG4,ENSG00000156735,Bag4,ENSMUSG00000037316,Anti-apoptotic,GO_Anti_Human,1
BAG5,ENSG00000166170,Bag5,ENSMUSG00000049792,Anti-apoptotic,GO_Anti_Human,1
BCL2A1,ENSG00000140379,"Bcl2a1a,Bcl2a1b,Bcl2a1d",,Anti-apoptotic,GO_Anti_Human,1
BCL2L12,ENSG00000126453,Bcl2l12,ENSMUSG00000003190,Anti-apoptotic,GO_Anti_Human,1
BCL2L2,ENSG00000129473,Bcl2l2,ENSMUSG00000089682,Anti-apoptotic,"GO_Anti_Human,Hallmark",2
BCL3,ENSG00000069399,Bcl3,ENSMUSG00000053175,Anti-apoptotic,GO_Anti_Human,1
BDNF,ENSG00000176697,Bdnf,ENSMUSG00000048482,Anti-apoptotic,GO_Anti_Human,1
BFAR,ENSG00000275618,Bfar,ENSMUSG00000022684,Anti-apoptotic,GO_Anti_Human,1
BHLHB9,,,,Anti-apoptotic,GO_Anti_Human,1
BIRC2,ENSG00000110330,Birc2,ENSMUSG00000057367,Anti-apoptotic,"GO_Anti_Human,KEGG,Reactome",3
BIRC3,ENSG00000023445,Birc3,ENSMUSG00000032000,Anti-apoptotic,"GO_Anti_Human,Hallmark,KEGG",3
BIRC5,ENSG00000089685,Birc5,ENSMUSG00000017716,Anti-apoptotic,"GO_Anti_Human,Reactome",2
BIRC6,ENSG00000115760,Birc6,ENSMUSG00000024073,Anti-apoptotic,GO_Anti_Human,1
BIRC7,ENSG00000101197,Birc7,ENSMUSG00000038840,Anti-apoptotic,GO_Anti_Human,1
BMP5,ENSG00000112175,Bmp5,ENSMUSG00000032179,Anti-apoptotic,GO_Anti_Human,1
BMP7,ENSG00000101144,Bmp7,ENSMUSG00000008999,Anti-apoptotic,GO_Anti_Human,1
BNIP1,ENSG00000113734,Bnip1,ENSMUSG00000024191,Anti-apoptotic,GO_Anti_Human,1
BNIP2,ENSG00000140299,Bnip2,ENSMUSG00000011958,Anti-apoptotic,GO_Anti_Human,1
BRAF,ENSG00000157764,Braf,ENSMUSG00000002413,Anti-apoptotic,GO_Anti_Human,1
BRCA1,ENSG00000012048,Brca1,ENSMUSG00000017146,Anti-apoptotic,"GO_Anti_Human,Hallmark",2
C8ORF17,ENSG00000250733,,,Anti-apoptotic,GO_Anti_Human,1
CAAP1,ENSG00000120159,Caap1,ENSMUSG00000028578,Anti-apoptotic,GO_Anti_Human,1
CAPN13,ENSG00000162949,Capn13,ENSMUSG00000043705,Anti-apoptotic,GO_Anti_Human,1
CAPN3,ENSG00000092529,Capn3,ENSMUSG00000079110,Anti-apoptotic,GO_Anti_Human,1
CARD14,ENSG00000141527,Card14,ENSMUSG00000013483,Anti-apoptotic,GO_Anti_Human,1
CARD16,ENSG00000204397,,,Anti-apoptotic,GO_Anti_Human,1
CAST,ENSG00000310517,Cast,ENSMUSG00000021585,Anti-apoptotic,GO_Anti_Human,1
CAT,ENSG00000121691,Cat,ENSMUSG00000027187,Anti-apoptotic,GO_Anti_Human,1
CBL,ENSG00000110395,Cbl,ENSMUSG00000034342,Anti-apoptotic,GO_Anti_Human,1
CBX4,ENSG00000141582,Cbx4,ENSMUSG00000039989,Anti-apoptotic,GO_Anti_Human,1
CCL19,ENSG00000172724,"Ccl19,Ccl19-ps1,Ccl19-ps4,Ccl19-ps5,Ccl19-ps6,Gm50471",,Anti-apoptotic,GO_Anti_Human,1
CCL21,ENSG00000137077,"Ccl21a,Ccl21b,Ccl21d,Ccl21e,Ccl21f",,Anti-apoptotic,GO_Anti_Human,1
CCND2,ENSG00000118971,Ccnd2,ENSMUSG00000000184,Anti-apoptotic,"GO_Anti_Human,Hallmark",2
CCR7,ENSG00000126353,Ccr7,ENSMUSG00000037944,Anti-apoptotic,GO_Anti_Human,1
CD27,ENSG00000139193,Cd27,ENSMUSG00000030336,Anti-apoptotic,GO_Anti_Human,1
CD28,ENSG00000178562,Cd28,ENSMUSG00000026012,Anti-apoptotic,GO_Anti_Human,1
CD38,ENSG00000004468,Cd38,ENSMUSG00000029084,Anti-apoptotic,"GO_Anti_Human,Hallmark",2
CD44,ENSG00000026508,Cd44,ENSMUSG00000005087,Anti-apoptotic,"GO_Anti_Human,Hallmark",2
CD74,ENSG00000019582,Cd74,ENSMUSG00000024610,Anti-apoptotic,GO_Anti_Human,1
CDH5,ENSG00000179776,Cdh5,ENSMUSG00000031871,Anti-apoptotic,GO_Anti_Human,1
CDK1,ENSG00000170312,Cdk1,ENSMUSG00000019942,Anti-apoptotic,GO_Anti_Human,1
CDKN2D,ENSG00000129355,Cdkn2d,ENSMUSG00000096472,Anti-apoptotic,GO_Anti_Human,1
CEACAM5,ENSG00000105388,,,Anti-apoptotic,GO_Anti_Human,1
CEACAM6,ENSG00000086548,,,Anti-apoptotic,GO_Anti_Human,1
CFL1,ENSG00000172757,Cfl1,ENSMUSG00000056201,Anti-apoptotic,GO_Anti_Human,1
CIAPIN1,ENSG00000005194,Ciapin1,ENSMUSG00000031781,Anti-apoptotic,GO_Anti_Human,1
CIB1,ENSG00000185043,Cib1,ENSMUSG00000030538,Anti-apoptotic,GO_Anti_Human,1
CIDEA,ENSG00000176194,Cidea,ENSMUSG00000024526,Anti-apoptotic,GO_Anti_Human,1
CITED1,ENSG00000125931,Cited1,ENSMUSG00000051159,Anti-apoptotic,GO_Anti_Human,1
CITED2,ENSG00000164442,Cited2,ENSMUSG00000039910,Anti-apoptotic,GO_Anti_Human,1
CLCF1,ENSG00000175505,Clcf1,ENSMUSG00000040663,Anti-apoptotic,GO_Anti_Human,1
CLEC5A,ENSG00000258227,Clec5a,ENSMUSG00000029915,Anti-apoptotic,GO_Anti_Human,1
CLN3,ENSG00000188603,Cln3,ENSMUSG00000030720,Anti-apoptotic,GO_Anti_Human,1
CNTF,ENSG00000242689,Cntf,ENSMUSG00000079415,Anti-apoptotic,GO_Anti_Human,1
COMP,ENSG00000105664,Comp,ENSMUSG00000031849,Anti-apoptotic,GO_Anti_Human,1
COPS5,ENSG00000121022,Cops5,ENSMUSG00000025917,Anti-apoptotic,GO_Anti_Human,1
CPEB4,ENSG00000113742,Cpeb4,ENSMUSG00000020300,Anti-apoptotic,GO_Anti_Human,1
CREB3,ENSG00000107175,Creb3,ENSMUSG00000028466,Anti-apoptotic,GO_Anti_Human,1
CREB3L1,ENSG00000157613,Creb3l1,ENSMUSG00000027230,Anti-apoptotic,GO_Anti_Human,1
CRLF1,ENSG00000006016,Crlf1,ENSMUSG00000007888,Anti-apoptotic,GO_Anti_Human,1
CRYAA,ENSG00000160202,Cryaa,ENSMUSG00000024041,Anti-apoptotic,GO_Anti_Human,1
CRYAB,ENSG00000109846,Cryab,ENSMUSG00000032060,Anti-apoptotic,GO_Anti_Human,1
CSF2,ENSG00000164400,Csf2,ENSMUSG00000018916,Anti-apoptotic,GO_Anti_Human,1
CSNK2A1,ENSG00000101266,Csnk2a1,ENSMUSG00000074698,Anti-apoptotic,GO_Anti_Human,1
CSNK2A2,ENSG00000070770,Csnk2a2,ENSMUSG00000046707,Anti-apoptotic,GO_Anti_Human,1
CTSG,ENSG00000100448,Ctsg,ENSMUSG00000040314,Anti-apoptotic,"GO_Anti_Human,Reactome",2
CTSH,ENSG00000103811,Ctsh,ENSMUSG00000032359,Anti-apoptotic,GO_Anti_Human,1
CX3CL1,ENSG00000006210,Cx3cl1,ENSMUSG00000031778,Anti-apoptotic,GO_Anti_Human,1
CX3CR1,ENSG00000168329,Cx3cr1,ENSMUSG00000052336,Anti-apoptotic,GO_Anti_Human,1
CXCL12,ENSG00000107562,Cxcl12,ENSMUSG00000061353,Anti-apoptotic,GO_Anti_Human,1
DAB2,ENSG00000153071,Dab2,ENSMUSG00000022150,Anti-apoptotic,GO_Anti_Human,1
DDAH2,ENSG00000233076,Ddah2,ENSMUSG00000007039,Anti-apoptotic,GO_Anti_Human,1
DDIAS,ENSG00000165490,Ddias,ENSMUSG00000030641,Anti-apoptotic,GO_Anti_Human,1
DDRGK1,ENSG00000198171,Ddrgk1,ENSMUSG00000068290,Anti-apoptotic,GO_Anti_Human,1
DFFA,ENSG00000160049,Dffa,ENSMUSG00000028974,Anti-apoptotic,"GO_Anti_Human,Hallmark,KEGG,Reactome",4
DHCR24,ENSG00000116133,Dhcr24,ENSMUSG00000034926,Anti-apoptotic,GO_Anti_Human,1
DHRS2,ENSG00000100867,,,Anti-apoptotic,GO_Anti_Human,1
DIPK2A,ENSG00000181744,Dipk2a,ENSMUSG00000045414,Anti-apoptotic,GO_Anti_Human,1
DKK1,ENSG00000107984,Dkk1,ENSMUSG00000024868,Anti-apoptotic,GO_Anti_Human,1
DLL1,ENSG00000275555,Dll1,ENSMUSG00000014773,Anti-apoptotic,GO_Anti_Human,1
DNAJB6,ENSG00000105993,Dnajb6,ENSMUSG00000029131,Anti-apoptotic,GO_Anti_Human,1
DNAJC3,ENSG00000102580,Dnajc3,ENSMUSG00000022136,Anti-apoptotic,"GO_Anti_Human,Hallmark",2
DNMT1,ENSG00000130816,Dnmt1,ENSMUSG00000004099,Anti-apoptotic,GO_Anti_Human,1
DPEP1,ENSG00000015413,Dpep1,ENSMUSG00000019278,Anti-apoptotic,GO_Anti_Human,1
DSTYK,ENSG00000133059,Dstyk,ENSMUSG00000042046,Anti-apoptotic,GO_Anti_Human,1
EGFR,ENSG00000146648,Egfr,ENSMUSG00000020122,Anti-apoptotic,GO_Anti_Human,1
EGR3,ENSG00000179388,Egr3,ENSMUSG00000033730,Anti-apoptotic,"GO_Anti_Human,Hallmark",2
ENO1,ENSG00000074800,"Eno1,Eno1b",,Anti-apoptotic,GO_Anti_Human,1
EPO,ENSG00000130427,Epo,ENSMUSG00000029711,Anti-apoptotic,GO_Anti_Human,1
ERBB3,ENSG00000065361,Erbb3,ENSMUSG00000018166,Anti-apoptotic,"GO_Anti_Human,Hallmark",2
ERC1,ENSG00000082805,Erc1,ENSMUSG00000030172,Anti-apoptotic,GO_Anti_Human,1
ERCC5,ENSG00000134899,Ercc5,ENSMUSG00000026048,Anti-apoptotic,GO_Anti_Human,1
EVI2B,ENSG00000291721,"Evi2,Evi2b",,Anti-apoptotic,GO_Anti_Human,1
EYA1,ENSG00000104313,Eya1,ENSMUSG00000025932,Anti-apoptotic,GO_Anti_Human,1
EYA2,ENSG00000064655,Eya2,ENSMUSG00000017897,Anti-apoptotic,GO_Anti_Human,1
EYA3,ENSG00000158161,Eya3,ENSMUSG00000028886,Anti-apoptotic,GO_Anti_Human,1
EYA4,ENSG00000112319,Eya4,ENSMUSG00000010461,Anti-apoptotic,GO_Anti_Human,1
FABP1,ENSG00000163586,Fabp1,ENSMUSG00000054422,Anti-apoptotic,GO_Anti_Human,1
FAIM,ENSG00000158234,Faim,ENSMUSG00000032463,Anti-apoptotic,GO_Anti_Human,1
FAIM2,ENSG00000135472,Faim2,ENSMUSG00000023011,Anti-apoptotic,GO_Anti_Human,1
FATE1,ENSG00000147378,,,Anti-apoptotic,GO_Anti_Human,1
FCMR,ENSG00000162894,Fcmr,ENSMUSG00000042474,Anti-apoptotic,GO_Anti_Human,1
FFAR4,ENSG00000186188,Ffar4,ENSMUSG00000054200,Anti-apoptotic,GO_Anti_Human,1
FGA,ENSG00000171560,Fga,ENSMUSG00000028001,Anti-apoptotic,GO_Anti_Human,1
FGB,ENSG00000171564,Fgb,ENSMUSG00000033831,Anti-apoptotic,GO_Anti_Human,1
FGF20,ENSG00000078579,Fgf20,ENSMUSG00000031603,Anti-apoptotic,GO_Anti_Human,1
FGG,ENSG00000171557,Fgg,ENSMUSG00000033860,Anti-apoptotic,GO_Anti_Human,1
FHL2,ENSG00000115641,Fhl2,ENSMUSG00000008136,Anti-apoptotic,GO_Anti_Human,1
FIGNL1,ENSG00000132436,Fignl1,ENSMUSG00000035455,Anti-apoptotic,GO_Anti_Human,1
FLNA,ENSG00000196924,Flna,ENSMUSG00000031328,Anti-apoptotic,GO_Anti_Human,1
FLT4,ENSG00000037280,Flt4,ENSMUSG00000020357,Anti-apoptotic,GO_Anti_Human,1
FMN2,ENSG00000155816,Fmn2,ENSMUSG00000028354,Anti-apoptotic,GO_Anti_Human,1
FOXB1,ENSG00000171956,Foxb1,ENSMUSG00000059246,Anti-apoptotic,GO_Anti_Human,1
FOXE3,ENSG00000186790,,,Anti-apoptotic,GO_Anti_Human,1
FOXP1,ENSG00000114861,,,Anti-apoptotic,GO_Anti_Human,1
FOXQ1,ENSG00000164379,Foxq1,ENSMUSG00000038415,Anti-apoptotic,GO_Anti_Human,1
FSTL1,ENSG00000163430,Fstl1,ENSMUSG00000022816,Anti-apoptotic,GO_Anti_Human,1
FXN,ENSG00000165060,Fxn,ENSMUSG00000059363,Anti-apoptotic,GO_Anti_Human,1
FZD3,ENSG00000104290,Fzd3,ENSMUSG00000007989,Anti-apoptotic,GO_Anti_Human,1
GAS6,ENSG00000183087,Gas6,ENSMUSG00000031451,Anti-apoptotic,GO_Anti_Human,1
GATA1,ENSG00000102145,Gata1,ENSMUSG00000031162,Anti-apoptotic,GO_Anti_Human,1
GATA2,ENSG00000179348,Gata2,ENSMUSG00000015053,Anti-apoptotic,GO_Anti_Human,1
GATA3,ENSG00000107485,Gata3,ENSMUSG00000015619,Anti-apoptotic,GO_Anti_Human,1
GATA4,ENSG00000285109,Gata4,ENSMUSG00000021944,Anti-apoptotic,GO_Anti_Human,1
GATA6,ENSG00000141448,Gata6,ENSMUSG00000005836,Anti-apoptotic,GO_Anti_Human,1
GCG,ENSG00000115263,,,Anti-apoptotic,GO_Anti_Human,1
GCLC,ENSG00000001084,Gclc,ENSMUSG00000032350,Anti-apoptotic,GO_Anti_Human,1
GDNF,ENSG00000168621,Gdnf,ENSMUSG00000022144,Anti-apoptotic,GO_Anti_Human,1
GHITM,ENSG00000165678,Ghitm,ENSMUSG00000041028,Anti-apoptotic,GO_Anti_Human,1
GHRL,ENSG00000157017,Ghrl,ENSMUSG00000064177,Anti-apoptotic,GO_Anti_Human,1
GLO1,ENSG00000124767,Glo1,ENSMUSG00000024026,Anti-apoptotic,GO_Anti_Human,1
GOLPH3,ENSG00000113384,Golph3,ENSMUSG00000022200,Anti-apoptotic,GO_Anti_Human,1
GPX1,ENSG00000233276,Gpx1,ENSMUSG00000063856,Anti-apoptotic,"GO_Anti_Human,Hallmark",2
GREM1,ENSG00000276886,Grem1,ENSMUSG00000074934,Anti-apoptotic,GO_Anti_Human,1
GRK5,ENSG00000198873,Grk5,ENSMUSG00000003228,Anti-apoptotic,GO_Anti_Human,1
GSTP1,ENSG00000084207,"Gstp-ps,Gstp1,Gstp2",,Anti-apoptotic,GO_Anti_Human,1
HAND2,ENSG00000164107,Hand2,ENSMUSG00000038193,Anti-apoptotic,GO_Anti_Human,1
HAX1,ENSG00000143575,Hax1,ENSMUSG00000027944,Anti-apoptotic,GO_Anti_Human,1
HCK,ENSG00000101336,Hck,ENSMUSG00000003283,Anti-apoptotic,GO_Anti_Human,1
HCLS1,ENSG00000180353,Hcls1,ENSMUSG00000022831,Anti-apoptotic,GO_Anti_Human,1
HDAC1,ENSG00000116478,Hdac1,ENSMUSG00000028800,Anti-apoptotic,GO_Anti_Human,1
HDAC2,ENSG00000196591,Hdac2,ENSMUSG00000019777,Anti-apoptotic,GO_Anti_Human,1
HDAC3,ENSG00000171720,Hdac3,ENSMUSG00000024454,Anti-apoptotic,GO_Anti_Human,1
HERPUD1,ENSG00000051108,Herpud1,ENSMUSG00000031770,Anti-apoptotic,GO_Anti_Human,1
HGF,ENSG00000019991,Hgf,ENSMUSG00000028864,Anti-apoptotic,"GO_Anti_Human,Hallmark",2
HIF1A,ENSG00000100644,Hif1a,ENSMUSG00000021109,Anti-apoptotic,GO_Anti_Human,1
HIGD1A,ENSG00000181061,Higd1a,ENSMUSG00000038412,Anti-apoptotic,GO_Anti_Human,1
HIGD2A,ENSG00000146066,Higd2a,ENSMUSG00000025868,Anti-apoptotic,GO_Anti_Human,1
HIPK3,ENSG00000110422,Hipk3,ENSMUSG00000027177,Anti-apoptotic,GO_Anti_Human,1
HMGN5,ENSG00000198157,,,Anti-apoptotic,GO_Anti_Human,1
HMOX1,ENSG00000100292,Hmox1,ENSMUSG00000005413,Anti-apoptotic,"GO_Anti_Human,Hallmark",2
HNRNPK,ENSG00000165119,Hnrnpk,ENSMUSG00000021546,Anti-apoptotic,GO_Anti_Human,1
HPN,ENSG00000105707,Hpn,ENSMUSG00000001249,Anti-apoptotic,GO_Anti_Human,1
HSP90B1,ENSG00000166598,Hsp90b1,ENSMUSG00000020048,Anti-apoptotic,GO_Anti_Human,1
HSPA1A,ENSG00000234475,Hspa1a,ENSMUSG00000091971,Anti-apoptotic,GO_Anti_Human,1
HSPA1B,ENSG00000212866,Hspa1a,ENSMUSG00000091971,Anti-apoptotic,GO_Anti_Human,1
HSPA5,ENSG00000044574,Hspa5,ENSMUSG00000026864,Anti-apoptotic,GO_Anti_Human,1
HSPA9,ENSG00000113013,Hspa9,ENSMUSG00000024359,Anti-apoptotic,GO_Anti_Human,1
HSPB1,ENSG00000106211,Hspb1,ENSMUSG00000004951,Anti-apoptotic,"GO_Anti_Human,Hallmark",2
HTATIP2,ENSG00000109854,Htatip2,ENSMUSG00000039745,Anti-apoptotic,GO_Anti_Human,1
HTR2B,ENSG00000135914,Htr2b,ENSMUSG00000026228,Anti-apoptotic,GO_Anti_Human,1
HYOU1,ENSG00000280682,Hyou1,ENSMUSG00000032115,Anti-apoptotic,GO_Anti_Human,1
HYPK,ENSG00000242028,Hypk,ENSMUSG00000027245,Anti-apoptotic,GO_Anti_Human,1
ICAM1,ENSG00000090339,Icam1,ENSMUSG00000037405,Anti-apoptotic,GO_Anti_Human,1
IFI6,ENSG00000126709,,,Anti-apoptotic,GO_Anti_Human,1
IFIT3,ENSG00000119917,"Ifit3,Ifit3b",,Anti-apoptotic,GO_Anti_Human,1
IGBP1,ENSG00000089289,Igbp1,ENSMUSG00000031221,Anti-apoptotic,GO_Anti_Human,1
IGF1,ENSG00000017427,Igf1,ENSMUSG00000020053,Anti-apoptotic,GO_Anti_Human,1
IGF1R,ENSG00000140443,Igf1r,ENSMUSG00000005533,Anti-apoptotic,GO_Anti_Human,1
IKBKB,ENSG00000104365,Ikbkb,ENSMUSG00000031537,Anti-apoptotic,"GO_Anti_Human,KEGG",2
IL11,ENSG00000095752,Il11,ENSMUSG00000004371,Anti-apoptotic,GO_Anti_Human,1
IL13,ENSG00000169194,Il13,ENSMUSG00000020383,Anti-apoptotic,GO_Anti_Human,1
IL1A,ENSG00000115008,Il1a,ENSMUSG00000027399,Anti-apoptotic,"GO_Anti_Human,Hallmark,KEGG",3
IL1B,ENSG00000125538,Il1b,ENSMUSG00000027398,Anti-apoptotic,"GO_Anti_Human,Hallmark,KEGG",3
IL2,ENSG00000109471,Il2,ENSMUSG00000027720,Anti-apoptotic,GO_Anti_Human,1
IL2RB,ENSG00000100385,Il2rb,ENSMUSG00000068227,Anti-apoptotic,GO_Anti_Human,1
IL31RA,ENSG00000164509,Il31ra,ENSMUSG00000050377,Anti-apoptotic,GO_Anti_Human,1
IL4,ENSG00000113520,Il4,ENSMUSG00000000869,Anti-apoptotic,GO_Anti_Human,1
IL6ST,ENSG00000134352,Il6st,ENSMUSG00000021756,Anti-apoptotic,GO_Anti_Human,1
IL7,ENSG00000104432,Il7,ENSMUSG00000040329,Anti-apoptotic,GO_Anti_Human,1
ING2,ENSG00000168556,Ing2,ENSMUSG00000063049,Anti-apoptotic,GO_Anti_Human,1
INS,ENSG00000254647,Ins2,ENSMUSG00000000215,Anti-apoptotic,GO_Anti_Human,1
IRAK1,ENSG00000184216,Irak1,ENSMUSG00000031392,Anti-apoptotic,"GO_Anti_Human,KEGG",2
IRF7,ENSG00000276561,Irf7,ENSMUSG00000025498,Anti-apoptotic,GO_Anti_Human,1
IRS2,ENSG00000185950,Irs2,ENSMUSG00000038894,Anti-apoptotic,GO_Anti_Human,1
ISL1,ENSG00000016082,Isl1,ENSMUSG00000042258,Anti-apoptotic,GO_Anti_Human,1
ITCH,ENSG00000078747,Itch,ENSMUSG00000027598,Anti-apoptotic,GO_Anti_Human,1
ITGA5,ENSG00000161638,Itga5,ENSMUSG00000000555,Anti-apoptotic,GO_Anti_Human,1
ITGAV,ENSG00000138448,Itgav,ENSMUSG00000027087,Anti-apoptotic,GO_Anti_Human,1
JAK3,ENSG00000105639,Jak3,ENSMUSG00000031805,Anti-apoptotic,GO_Anti_Human,1
KDM1A,ENSG00000004487,Kdm1a,ENSMUSG00000036940,Anti-apoptotic,GO_Anti_Human,1
KDM2B,ENSG00000089094,Kdm2b,ENSMUSG00000029475,Anti-apoptotic,GO_Anti_Human,1
KDR,ENSG00000128052,Kdr,ENSMUSG00000062960,Anti-apoptotic,GO_Anti_Human,1
KHDC3L,ENSG00000203908,Khdc3,ENSMUSG00000092622,Anti-apoptotic,GO_Anti_Human,1
KIF14,ENSG00000118193,Kif14,ENSMUSG00000041498,Anti-apoptotic,GO_Anti_Human,1
KLF4,ENSG00000136826,Klf4,ENSMUSG00000003032,Anti-apoptotic,GO_Anti_Human,1
KLHL20,ENSG00000076321,Klhl20,ENSMUSG00000026705,Anti-apoptotic,GO_Anti_Human,1
KRIT1,ENSG00000001631,Krit1,ENSMUSG00000000600,Anti-apoptotic,GO_Anti_Human,1
KRT18,ENSG00000111057,Krt18,ENSMUSG00000023043,Anti-apoptotic,"GO_Anti_Human,Hallmark",2
LACRT,ENSG00000135413,,,Anti-apoptotic,GO_Anti_Human,1
LAMP3,ENSG00000078081,Lamp3,ENSMUSG00000041247,Anti-apoptotic,GO_Anti_Human,1
LAMTOR5,ENSG00000134248,Lamtor5,ENSMUSG00000087260,Anti-apoptotic,GO_Anti_Human,1
LEF1,ENSG00000138795,Lef1,ENSMUSG00000027985,Anti-apoptotic,"GO_Anti_Human,Hallmark",2
LGALS3,ENSG00000131981,Lgals3,ENSMUSG00000050335,Anti-apoptotic,"GO_Anti_Human,Hallmark",2
LGMN,ENSG00000100600,Lgmn,ENSMUSG00000021190,Anti-apoptotic,GO_Anti_Human,1
LIG4,ENSG00000174405,Lig4,ENSMUSG00000049717,Anti-apoptotic,GO_Anti_Human,1
LRP2,ENSG00000081479,Lrp2,ENSMUSG00000027070,Anti-apoptotic,GO_Anti_Human,1
LRP6,ENSG00000070018,Lrp6,ENSMUSG00000030201,Anti-apoptotic,GO_Anti_Human,1
LRRK2,ENSG00000188906,Lrrk2,ENSMUSG00000036273,Anti-apoptotic,GO_Anti_Human,1
LTF,ENSG00000012223,Ltf,ENSMUSG00000032496,Anti-apoptotic,GO_Anti_Human,1
LTK,ENSG00000062524,Ltk,ENSMUSG00000027297,Anti-apoptotic,GO_Anti_Human,1
MAD2L1,ENSG00000164109,Mad2l1,ENSMUSG00000029910,Anti-apoptotic,GO_Anti_Human,1
MAEA,ENSG00000090316,Maea,ENSMUSG00000079562,Anti-apoptotic,GO_Anti_Human,1
MAG,ENSG00000105695,Mag,ENSMUSG00000036634,Anti-apoptotic,GO_Anti_Human,1
MAGEA3,ENSG00000292186,,,Anti-apoptotic,GO_Anti_Human,1
MAP2K5,ENSG00000137764,Map2k5,ENSMUSG00000058444,Anti-apoptotic,GO_Anti_Human,1
MAP4K4,ENSG00000071054,Map4k4,ENSMUSG00000026074,Anti-apoptotic,GO_Anti_Human,1
MAPK1,ENSG00000100030,Mapk1,ENSMUSG00000063358,Anti-apoptotic,"GO_Anti_Human,Reactome",2
MAPK3,ENSG00000102882,Mapk3,ENSMUSG00000063065,Anti-apoptotic,"GO_Anti_Human,Reactome",2
MAPK7,ENSG00000166484,Mapk7,ENSMUSG00000001034,Anti-apoptotic,GO_Anti_Human,1
MAPK8IP2,ENSG00000008735,Mapk8ip2,ENSMUSG00000022619,Anti-apoptotic,GO_Anti_Human,1
MARCHF7,ENSG00000136536,Marchf7,ENSMUSG00000026977,Anti-apoptotic,GO_Anti_Human,1
MAZ,ENSG00000103495,Maz,ENSMUSG00000030678,Anti-apoptotic,GO_Anti_Human,1
MDK,ENSG00000110492,Mdk,ENSMUSG00000027239,Anti-apoptotic,GO_Anti_Human,1
MDM2,ENSG00000135679,Mdm2,ENSMUSG00000020184,Anti-apoptotic,GO_Anti_Human,1
MED1,ENSG00000125686,Med1,ENSMUSG00000018160,Anti-apoptotic,GO_Anti_Human,1
MERTK,ENSG00000153208,Mertk,ENSMUSG00000014361,Anti-apoptotic,GO_Anti_Human,1
MGMT,ENSG00000170430,Mgmt,ENSMUSG00000054612,Anti-apoptotic,"GO_Anti_Human,Hallmark",2
MIEN1,ENSG00000141741,Mien1,ENSMUSG00000002580,Anti-apoptotic,GO_Anti_Human,1
MIF,ENSG00000276701,Mif,ENSMUSG00000033307,Anti-apoptotic,GO_Anti_Human,1
MMP9,ENSG00000100985,Mmp9,ENSMUSG00000017737,Anti-apoptotic,GO_Anti_Human,1
MPO,ENSG00000005381,Mpo,ENSMUSG00000009350,Anti-apoptotic,GO_Anti_Human,1
MPV17L,ENSG00000275543,Mpv17l,ENSMUSG00000022679,Anti-apoptotic,GO_Anti_Human,1
MRE11,ENSG00000020922,Mre11a,ENSMUSG00000031928,Anti-apoptotic,GO_Anti_Human,1
MSH2,ENSG00000095002,Msh2,ENSMUSG00000024151,Anti-apoptotic,GO_Anti_Human,1
MT3,ENSG00000087250,,,Anti-apoptotic,GO_Anti_Human,1
MTDH,ENSG00000147649,Mtdh,ENSMUSG00000022255,Anti-apoptotic,GO_Anti_Human,1
MTRNR2L1,,,,Anti-apoptotic,GO_Anti_Human,1
MTRNR2L10,,,,Anti-apoptotic,GO_Anti_Human,1
MTRNR2L2,,,,Anti-apoptotic,GO_Anti_Human,1
MTRNR2L3,,,,Anti-apoptotic,GO_Anti_Human,1
MTRNR2L4,,,,Anti-apoptotic,GO_Anti_Human,1
MTRNR2L5,,,,Anti-apoptotic,GO_Anti_Human,1
MTRNR2L6,,,,Anti-apoptotic,GO_Anti_Human,1
MTRNR2L7,,,,Anti-apoptotic,GO_Anti_Human,1
MTRNR2L8,,,,Anti-apoptotic,GO_Anti_Human,1
MTRNR2L9,,,,Anti-apoptotic,GO_Anti_Human,1
MUC1,ENSG00000185499,,,Anti-apoptotic,GO_Anti_Human,1
MYD88,ENSG00000172936,Myd88,ENSMUSG00000032508,Anti-apoptotic,"GO_Anti_Human,KEGG",2
MYDGF,ENSG00000074842,Mydgf,ENSMUSG00000019579,Anti-apoptotic,GO_Anti_Human,1
MYO18A,ENSG00000196535,Myo18a,ENSMUSG00000000631,Anti-apoptotic,GO_Anti_Human,1
NAA15,ENSG00000164134,Naa15,ENSMUSG00000063273,Anti-apoptotic,GO_Anti_Human,1
NAA16,ENSG00000172766,Naa16,ENSMUSG00000022020,Anti-apoptotic,GO_Anti_Human,1
NAA35,ENSG00000135040,Naa35,ENSMUSG00000021555,Anti-apoptotic,GO_Anti_Human,1
NAA38,ENSG00000183011,Naa38,ENSMUSG00000059278,Anti-apoptotic,GO_Anti_Human,1
NAIP,ENSG00000249437,Naip2,ENSMUSG00000078945,Anti-apoptotic,GO_Anti_Human,1
NAT8,ENSG00000291479,Nat8,ENSMUSG00000030004,Anti-apoptotic,GO_Anti_Human,1
NAT8B,ENSG00000204872,Nat8f1,ENSMUSG00000057103,Anti-apoptotic,GO_Anti_Human,1
NCKAP1L,ENSG00000123338,Nckap1l,ENSMUSG00000022488,Anti-apoptotic,GO_Anti_Human,1
NDNF,ENSG00000173376,Ndnf,ENSMUSG00000049001,Anti-apoptotic,GO_Anti_Human,1
NDUFS3,ENSG00000213619,Ndufs3,ENSMUSG00000005510,Anti-apoptotic,GO_Anti_Human,1
NFATC4,ENSG00000285485,Nfatc4,ENSMUSG00000023411,Anti-apoptotic,GO_Anti_Human,1
NFE2L2,ENSG00000116044,Nfe2l2,ENSMUSG00000015839,Anti-apoptotic,GO_Anti_Human,1
NFKB1,ENSG00000109320,Nfkb1,ENSMUSG00000028163,Anti-apoptotic,"GO_Anti_Human,KEGG",2
NFKBIA,ENSG00000100906,Nfkbia,ENSMUSG00000021025,Anti-apoptotic,"GO_Anti_Human,KEGG",2
NIBAN2,ENSG00000136830,Niban2,ENSMUSG00000026796,Anti-apoptotic,GO_Anti_Human,1
NKX2-5,ENSG00000183072,Nkx2-5,ENSMUSG00000015579,Anti-apoptotic,GO_Anti_Human,1
NKX2-6,ENSG00000180053,Nkx2-6,ENSMUSG00000044186,Anti-apoptotic,GO_Anti_Human,1
NME2,ENSG00000243678,Nme2,ENSMUSG00000020857,Anti-apoptotic,GO_Anti_Human,1
NME5,ENSG00000112981,Nme5,ENSMUSG00000035984,Anti-apoptotic,GO_Anti_Human,1
NOC2L,ENSG00000188976,Noc2l,ENSMUSG00000095567,Anti-apoptotic,GO_Anti_Human,1
NOD2,ENSG00000167207,Nod2,ENSMUSG00000055994,Anti-apoptotic,GO_Anti_Human,1
NOL3,ENSG00000140939,Nol3,ENSMUSG00000014776,Anti-apoptotic,GO_Anti_Human,1
NONO,ENSG00000147140,Nono,ENSMUSG00000031311,Anti-apoptotic,GO_Anti_Human,1
NOS3,ENSG00000164867,Nos3,ENSMUSG00000028978,Anti-apoptotic,GO_Anti_Human,1
NOTCH1,ENSG00000148400,Notch1,ENSMUSG00000026923,Anti-apoptotic,GO_Anti_Human,1
NOTCH2,ENSG00000134250,Notch2,ENSMUSG00000027878,Anti-apoptotic,GO_Anti_Human,1
NPM1,ENSG00000181163,Npm1,ENSMUSG00000057113,Anti-apoptotic,GO_Anti_Human,1
NR1H4,ENSG00000012504,Nr1h4,ENSMUSG00000047638,Anti-apoptotic,GO_Anti_Human,1
NR4A2,ENSG00000153234,Nr4a2,ENSMUSG00000026826,Anti-apoptotic,GO_Anti_Human,1
NRBP2,ENSG00000185189,,,Anti-apoptotic,GO_Anti_Human,1
NTF3,ENSG00000185652,Ntf3,ENSMUSG00000049107,Anti-apoptotic,GO_Anti_Human,1
NTF4,ENSG00000225950,Ntf5,ENSMUSG00000074121,Anti-apoptotic,GO_Anti_Human,1
NTRK1,ENSG00000198400,Ntrk1,ENSMUSG00000028072,Anti-apoptotic,"GO_Anti_Human,KEGG",2
NTRK2,ENSG00000148053,Ntrk2,ENSMUSG00000055254,Anti-apoptotic,GO_Anti_Human,1
NTSR1,ENSG00000101188,Ntsr1,ENSMUSG00000027568,Anti-apoptotic,GO_Anti_Human,1
NUAK2,ENSG00000163545,Nuak2,ENSMUSG00000009772,Anti-apoptotic,GO_Anti_Human,1
NUGGC,ENSG00000189233,Nuggc,ENSMUSG00000061356,Anti-apoptotic,GO_Anti_Human,1
NUP62,ENSG00000213024,Nup62,ENSMUSG00000109511,Anti-apoptotic,GO_Anti_Human,1
OPA1,ENSG00000198836,Opa1,ENSMUSG00000038084,Anti-apoptotic,GO_Anti_Human,1
OPN3,ENSG00000054277,Opn3,ENSMUSG00000026525,Anti-apoptotic,GO_Anti_Human,1
ORMDL3,ENSG00000172057,Ormdl3,ENSMUSG00000038150,Anti-apoptotic,GO_Anti_Human,1
OSR1,ENSG00000143867,Osr1,ENSMUSG00000048387,Anti-apoptotic,GO_Anti_Human,1
PA2G4,ENSG00000170515,Pa2g4,ENSMUSG00000025364,Anti-apoptotic,GO_Anti_Human,1
PAGE4,ENSG00000101951,,,Anti-apoptotic,GO_Anti_Human,1
PAK4,ENSG00000130669,Pak4,ENSMUSG00000030602,Anti-apoptotic,GO_Anti_Human,1
PARK7,ENSG00000116288,Park7,ENSMUSG00000028964,Anti-apoptotic,GO_Anti_Human,1
PAX2,ENSG00000075891,Pax2,ENSMUSG00000004231,Anti-apoptotic,GO_Anti_Human,1
PAX7,ENSG00000009709,Pax7,ENSMUSG00000028736,Anti-apoptotic,GO_Anti_Human,1
PCID2,ENSG00000126226,Pcid2,ENSMUSG00000038542,Anti-apoptotic,GO_Anti_Human,1
PDCD10,ENSG00000114209,Pdcd10,ENSMUSG00000027835,Anti-apoptotic,GO_Anti_Human,1
PDK4,ENSG00000004799,Pdk4,ENSMUSG00000019577,Anti-apoptotic,GO_Anti_Human,1
PDPK1,ENSG00000140992,Pdpk1,ENSMUSG00000024122,Anti-apoptotic,GO_Anti_Human,1
PDPN,ENSG00000162493,Pdpn,ENSMUSG00000028583,Anti-apoptotic,GO_Anti_Human,1
PEA15,ENSG00000162734,Pea15a,ENSMUSG00000013698,Anti-apoptotic,"GO_Anti_Human,Hallmark",2
PELI3,ENSG00000174516,Peli3,ENSMUSG00000024901,Anti-apoptotic,GO_Anti_Human,1
PF4,ENSG00000163737,Pf4,ENSMUSG00000029373,Anti-apoptotic,GO_Anti_Human,1
PHB2,ENSG00000215021,Phb2,ENSMUSG00000004264,Anti-apoptotic,GO_Anti_Human,1
PHIP,ENSG00000146247,Phip,ENSMUSG00000032253,Anti-apoptotic,GO_Anti_Human,1
PIH1D1,ENSG00000104872,Pih1d1,ENSMUSG00000003423,Anti-apoptotic,GO_Anti_Human,1
PIK3CA,ENSG00000121879,Pik3ca,ENSMUSG00000027665,Anti-apoptotic,"GO_Anti_Human,KEGG",2
PIK3R1,ENSG00000145675,Pik3r1,ENSMUSG00000041417,Anti-apoptotic,"GO_Anti_Human,KEGG",2
PIM1,ENSG00000137193,Pim1,ENSMUSG00000024014,Anti-apoptotic,GO_Anti_Human,1
PIM2,ENSG00000102096,Pim2,ENSMUSG00000031155,Anti-apoptotic,GO_Anti_Human,1
PIM3,ENSG00000198355,Pim3,ENSMUSG00000035828,Anti-apoptotic,GO_Anti_Human,1
PINK1,ENSG00000158828,Pink1,ENSMUSG00000028756,Anti-apoptotic,GO_Anti_Human,1
PIP,ENSG00000159763,Pip,ENSMUSG00000058499,Anti-apoptotic,GO_Anti_Human,1
PKHD1,ENSG00000170927,Pkhd1,ENSMUSG00000043760,Anti-apoptotic,GO_Anti_Human,1
PLA2G3,ENSG00000100078,Pla2g3,ENSMUSG00000034579,Anti-apoptotic,GO_Anti_Human,1
PLAUR,ENSG00000011422,Plaur,ENSMUSG00000046223,Anti-apoptotic,GO_Anti_Human,1
PLK1,ENSG00000166851,Plk1,ENSMUSG00000030867,Anti-apoptotic,GO_Anti_Human,1
PLK2,ENSG00000145632,Plk2,ENSMUSG00000021701,Anti-apoptotic,GO_Anti_Human,1
PLK3,ENSG00000173846,Plk3,ENSMUSG00000028680,Anti-apoptotic,GO_Anti_Human,1
POU3F3,ENSG00000198914,Pou3f3,ENSMUSG00000045515,Anti-apoptotic,GO_Anti_Human,1
POU3F4,ENSG00000196767,Pou3f4,ENSMUSG00000056854,Anti-apoptotic,GO_Anti_Human,1
POU4F1,ENSG00000152192,Pou4f1,ENSMUSG00000048349,Anti-apoptotic,GO_Anti_Human,1
PPARA,ENSG00000186951,Ppara,ENSMUSG00000022383,Anti-apoptotic,GO_Anti_Human,1
PPARGC1A,ENSG00000109819,Ppargc1a,ENSMUSG00000029167,Anti-apoptotic,GO_Anti_Human,1
PPIA,ENSG00000196262,Ppia,ENSMUSG00000071866,Anti-apoptotic,GO_Anti_Human,1
PPIF,ENSG00000108179,Ppif,ENSMUSG00000021868,Anti-apoptotic,GO_Anti_Human,1
PPP1R10,ENSG00000230995,Ppp1r10,ENSMUSG00000039220,Anti-apoptotic,GO_Anti_Human,1
PPT1,ENSG00000131238,Ppt1,ENSMUSG00000028657,Anti-apoptotic,"GO_Anti_Human,Hallmark",2
PRAME,ENSG00000185686,,,Anti-apoptotic,GO_Anti_Human,1
PRAP1,ENSG00000165828,Prap1,ENSMUSG00000025467,Anti-apoptotic,GO_Anti_Human,1
PRDM9,ENSG00000292167,Prdm9,ENSMUSG00000051977,Anti-apoptotic,GO_Anti_Human,1
PRDX2,ENSG00000167815,Prdx2,ENSMUSG00000005161,Anti-apoptotic,"GO_Anti_Human,Reactome",2
PRDX3,ENSG00000165672,Prdx3,ENSMUSG00000024997,Anti-apoptotic,GO_Anti_Human,1
PRDX5,ENSG00000126432,Prdx5,ENSMUSG00000024953,Anti-apoptotic,GO_Anti_Human,1
PRKAA1,ENSG00000132356,Prkaa1,ENSMUSG00000050697,Anti-apoptotic,GO_Anti_Human,1
PRKAA2,ENSG00000162409,Prkaa2,ENSMUSG00000028518,Anti-apoptotic,GO_Anti_Human,1
PRKCA,ENSG00000154229,Prkca,ENSMUSG00000050965,Anti-apoptotic,GO_Anti_Human,1
PRKCD,ENSG00000163932,Prkcd,ENSMUSG00000021948,Anti-apoptotic,"GO_Anti_Human,Reactome",2
PRKCG,ENSG00000126583,Prkcg,ENSMUSG00000078816,Anti-apoptotic,GO_Anti_Human,1
PRKCH,ENSG00000027075,Prkch,ENSMUSG00000021108,Anti-apoptotic,GO_Anti_Human,1
PRKCQ,ENSG00000065675,Prkcq,ENSMUSG00000026778,Anti-apoptotic,"GO_Anti_Human,Reactome",2
PRKDC,ENSG00000253729,Prkdc,ENSMUSG00000022672,Anti-apoptotic,GO_Anti_Human,1
PRKN,ENSG00000185345,Prkn,ENSMUSG00000023826,Anti-apoptotic,GO_Anti_Human,1
PRLR,ENSG00000113494,Prlr,ENSMUSG00000005268,Anti-apoptotic,GO_Anti_Human,1
PROC,ENSG00000115718,Proc,ENSMUSG00000024386,Anti-apoptotic,"GO_Anti_Human,Reactome",2
PROK2,ENSG00000163421,Prok2,ENSMUSG00000030069,Anti-apoptotic,GO_Anti_Human,1
PSMD10,ENSG00000101843,Psmd10,ENSMUSG00000031429,Anti-apoptotic,"GO_Anti_Human,Reactome",2
PSME3,ENSG00000131467,Psme3,ENSMUSG00000078652,Anti-apoptotic,"GO_Anti_Human,Reactome",2
PTCRA,ENSG00000171611,Ptcra,ENSMUSG00000036858,Anti-apoptotic,GO_Anti_Human,1
PTK2,ENSG00000169398,Ptk2,ENSMUSG00000022607,Anti-apoptotic,"GO_Anti_Human,Hallmark,Reactome",3
PTK2B,ENSG00000120899,Ptk2b,ENSMUSG00000059456,Anti-apoptotic,GO_Anti_Human,1
PTMA,ENSG00000187514,,,Anti-apoptotic,GO_Anti_Human,1
PTPRZ1,ENSG00000106278,Ptprz1,ENSMUSG00000068748,Anti-apoptotic,GO_Anti_Human,1
PTTG1IP,ENSG00000183255,Pttg1ip,ENSMUSG00000009291,Anti-apoptotic,GO_Anti_Human,1
QARS1,ENSG00000172053,,,Anti-apoptotic,GO_Anti_Human,1
RAF1,ENSG00000132155,Raf1,ENSMUSG00000000441,Anti-apoptotic,GO_Anti_Human,1
RAMP2,ENSG00000131477,Ramp2,ENSMUSG00000001240,Anti-apoptotic,GO_Anti_Human,1
RASA1,ENSG00000145715,Rasa1,ENSMUSG00000021549,Anti-apoptotic,GO_Anti_Human,1
RB1,ENSG00000139687,Rb1,ENSMUSG00000022105,Anti-apoptotic,GO_Anti_Human,1
RELA,ENSG00000173039,Rela,ENSMUSG00000024927,Anti-apoptotic,"GO_Anti_Human,Hallmark,KEGG",3
RETREG1,ENSG00000154153,Retreg1,ENSMUSG00000022270,Anti-apoptotic,GO_Anti_Human,1
RFFL,ENSG00000092871,Rffl,ENSMUSG00000020696,Anti-apoptotic,GO_Anti_Human,1
RHBDD1,ENSG00000144468,Rhbdd1,ENSMUSG00000026142,Anti-apoptotic,GO_Anti_Human,1
RIPK2,ENSG00000104312,Ripk2,ENSMUSG00000041135,Anti-apoptotic,GO_Anti_Human,1
RNF144B,ENSG00000137393,Rnf144b,ENSMUSG00000038068,Anti-apoptotic,GO_Anti_Human,1
RNF157,ENSG00000141576,Rnf157,ENSMUSG00000052949,Anti-apoptotic,GO_Anti_Human,1
RNF213,ENSG00000173821,Rnf213,ENSMUSG00000070327,Anti-apoptotic,"GO_Anti_Human,Reactome",2
RNF34,ENSG00000170633,Rnf34,ENSMUSG00000029474,Anti-apoptotic,GO_Anti_Human,1
RPL10,ENSG00000147403,Rpl10,ENSMUSG00000008682,Anti-apoptotic,GO_Anti_Human,1
RPS3A,ENSG00000145425,,,Anti-apoptotic,GO_Anti_Human,1
RPS6KA1,ENSG00000281877,Rps6ka1,ENSMUSG00000003644,Anti-apoptotic,GO_Anti_Human,1
RPS6KA3,ENSG00000177189,Rps6ka3,ENSMUSG00000031309,Anti-apoptotic,GO_Anti_Human,1
RPS6KB1,ENSG00000108443,Rps6kb1,ENSMUSG00000020516,Anti-apoptotic,GO_Anti_Human,1
RTKN2,ENSG00000182010,Rtkn2,ENSMUSG00000037846,Anti-apoptotic,GO_Anti_Human,1
SCG2,ENSG00000171951,Scg2,ENSMUSG00000050711,Anti-apoptotic,GO_Anti_Human,1
SCRT2,ENSG00000215397,Scrt2,ENSMUSG00000060257,Anti-apoptotic,GO_Anti_Human,1
SCX,ENSG00000260428,Scx,ENSMUSG00000034161,Anti-apoptotic,GO_Anti_Human,1
SELENOS,ENSG00000131871,Selenos,ENSMUSG00000075701,Anti-apoptotic,GO_Anti_Human,1
SEMA4D,ENSG00000187764,Sema4d,ENSMUSG00000021451,Anti-apoptotic,GO_Anti_Human,1
SEMA5A,ENSG00000112902,Sema5a,ENSMUSG00000022231,Anti-apoptotic,GO_Anti_Human,1
SERPINB13,ENSG00000197641,Serpinb13,ENSMUSG00000048775,Anti-apoptotic,GO_Anti_Human,1
SERPINB9,ENSG00000170542,Serpinb9,ENSMUSG00000045827,Anti-apoptotic,GO_Anti_Human,1
SERPINE1,ENSG00000106366,Serpine1,ENSMUSG00000037411,Anti-apoptotic,GO_Anti_Human,1
SET,ENSG00000119335,Set,ENSMUSG00000054766,Anti-apoptotic,GO_Anti_Human,1
SETX,ENSG00000107290,Setx,ENSMUSG00000043535,Anti-apoptotic,GO_Anti_Human,1
SH3RF1,ENSG00000154447,Sh3rf1,ENSMUSG00000031642,Anti-apoptotic,GO_Anti_Human,1
SH3RF2,ENSG00000156463,Sh3rf2,ENSMUSG00000057719,Anti-apoptotic,GO_Anti_Human,1
SHC1,ENSG00000160691,Shc1,ENSMUSG00000042626,Anti-apoptotic,GO_Anti_Human,1
SHH,ENSG00000164690,Shh,ENSMUSG00000002633,Anti-apoptotic,GO_Anti_Human,1
SIAH2,ENSG00000181788,Siah2,ENSMUSG00000036432,Anti-apoptotic,GO_Anti_Human,1
SIX1,ENSG00000126778,Six1,ENSMUSG00000051367,Anti-apoptotic,GO_Anti_Human,1
SIX4,ENSG00000100625,Six4,ENSMUSG00000034460,Anti-apoptotic,GO_Anti_Human,1
SLC25A5,ENSG00000005022,Slc25a5,ENSMUSG00000016319,Anti-apoptotic,GO_Anti_Human,1
SLC30A10,ENSG00000196660,Slc30a10,ENSMUSG00000026614,Anti-apoptotic,GO_Anti_Human,1
SLC35F6,ENSG00000213699,Slc35f6,ENSMUSG00000029175,Anti-apoptotic,GO_Anti_Human,1
SMAD6,ENSG00000137834,Smad6,ENSMUSG00000036867,Anti-apoptotic,GO_Anti_Human,1
SNAI1,ENSG00000124216,Snai1,ENSMUSG00000042821,Anti-apoptotic,GO_Anti_Human,1
SNAI2,ENSG00000019549,Snai2,ENSMUSG00000022676,Anti-apoptotic,GO_Anti_Human,1
SNX6,ENSG00000129515,Snx6,ENSMUSG00000005656,Anti-apoptotic,GO_Anti_Human,1
SOCS2,ENSG00000120833,Socs2,ENSMUSG00000020027,Anti-apoptotic,GO_Anti_Human,1
SON,ENSG00000159140,Son,ENSMUSG00000022961,Anti-apoptotic,GO_Anti_Human,1
SOX8,ENSG00000005513,Sox8,ENSMUSG00000024176,Anti-apoptotic,GO_Anti_Human,1
SOX9,ENSG00000125398,Sox9,ENSMUSG00000000567,Anti-apoptotic,GO_Anti_Human,1
SPHK1,ENSG00000176170,Sphk1,ENSMUSG00000061878,Anti-apoptotic,GO_Anti_Human,1
SPRY2,ENSG00000136158,Spry2,ENSMUSG00000022114,Anti-apoptotic,GO_Anti_Human,1
SRC,ENSG00000291971,Src,ENSMUSG00000027646,Anti-apoptotic,GO_Anti_Human,1
STIL,ENSG00000123473,Stil,ENSMUSG00000028718,Anti-apoptotic,GO_Anti_Human,1
SUPV3L1,ENSG00000156502,Supv3l1,ENSMUSG00000020079,Anti-apoptotic,GO_Anti_Human,1
SYVN1,ENSG00000162298,Syvn1,ENSMUSG00000024807,Anti-apoptotic,GO_Anti_Human,1
TAF9,ENSG00000273841,Taf9,ENSMUSG00000052293,Anti-apoptotic,GO_Anti_Human,1
TAF9B,ENSG00000187325,Taf9b,ENSMUSG00000047242,Anti-apoptotic,GO_Anti_Human,1
TAX1BP1,ENSG00000106052,Tax1bp1,ENSMUSG00000004535,Anti-apoptotic,GO_Anti_Human,1
TBX1,ENSG00000184058,Tbx1,ENSMUSG00000009097,Anti-apoptotic,GO_Anti_Human,1
TBX3,ENSG00000135111,Tbx3,ENSMUSG00000018604,Anti-apoptotic,GO_Anti_Human,1
TCF7L2,ENSG00000148737,Tcf7l2,ENSMUSG00000024985,Anti-apoptotic,GO_Anti_Human,1
TCIM,ENSG00000176907,Tcim,ENSMUSG00000056313,Anti-apoptotic,GO_Anti_Human,1
TCL1A,ENSG00000100721,Tcl1,ENSMUSG00000041359,Anti-apoptotic,GO_Anti_Human,1
TDGF1,,,,Anti-apoptotic,GO_Anti_Human,1
TEK,ENSG00000120156,Tek,ENSMUSG00000006386,Anti-apoptotic,GO_Anti_Human,1
TERT,ENSG00000164362,Tert,ENSMUSG00000021611,Anti-apoptotic,GO_Anti_Human,1
TFRC,ENSG00000072274,Tfrc,ENSMUSG00000022797,Anti-apoptotic,GO_Anti_Human,1
THOC6,ENSG00000131652,Thoc6,ENSMUSG00000041319,Anti-apoptotic,GO_Anti_Human,1
TIAF1,,,,Anti-apoptotic,GO_Anti_Human,1
TJP1,ENSG00000277401,Tjp1,ENSMUSG00000030516,Anti-apoptotic,"GO_Anti_Human,Reactome",2
TLE1,ENSG00000196781,Tle1,ENSMUSG00000008305,Anti-apoptotic,GO_Anti_Human,1
TMBIM1,ENSG00000135926,Tmbim1,ENSMUSG00000006301,Anti-apoptotic,GO_Anti_Human,1
TMBIM4,ENSG00000155957,Tmbim4,ENSMUSG00000020225,Anti-apoptotic,GO_Anti_Human,1
TMBIM6,ENSG00000139644,Tmbim6,ENSMUSG00000023010,Anti-apoptotic,GO_Anti_Human,1
TMEM14A,ENSG00000096092,Tmem14a,ENSMUSG00000025933,Anti-apoptotic,GO_Anti_Human,1
TMEM161A,ENSG00000064545,Tmem161a,ENSMUSG00000002342,Anti-apoptotic,GO_Anti_Human,1
TMIGD1,ENSG00000182271,Tmigd1,ENSMUSG00000020839,Anti-apoptotic,GO_Anti_Human,1
TNFAIP3,ENSG00000118503,Tnfaip3,ENSMUSG00000019850,Anti-apoptotic,"GO_Anti_Human,Reactome",2
TNFRSF10D,ENSG00000173530,,,Anti-apoptotic,"GO_Anti_Human,KEGG",2
TNFRSF6B,ENSG00000243509,,,Anti-apoptotic,GO_Anti_Human,1
TNFSF18,ENSG00000120337,Tnfsf18,ENSMUSG00000066755,Anti-apoptotic,GO_Anti_Human,1
TNIP2,ENSG00000168884,Tnip2,ENSMUSG00000059866,Anti-apoptotic,GO_Anti_Human,1
TOPORS,ENSG00000197579,Topors,ENSMUSG00000036822,Anti-apoptotic,GO_Anti_Human,1
TOX3,ENSG00000103460,Tox3,ENSMUSG00000043668,Anti-apoptotic,GO_Anti_Human,1
TPT1,ENSG00000133112,Tpt1,ENSMUSG00000060126,Anti-apoptotic,GO_Anti_Human,1
TRAP1,ENSG00000126602,Trap1,ENSMUSG00000005981,Anti-apoptotic,GO_Anti_Human,1
TRIAP1,ENSG00000170855,Triap1,ENSMUSG00000029535,Anti-apoptotic,GO_Anti_Human,1
TRIM27,ENSG00000233948,Trim27,ENSMUSG00000021326,Anti-apoptotic,"GO_Anti_Human,Reactome",2
TRIM32,ENSG00000119401,Trim32,ENSMUSG00000051675,Anti-apoptotic,GO_Anti_Human,1
TSLP,ENSG00000145777,Tslp,ENSMUSG00000024379,Anti-apoptotic,GO_Anti_Human,1
TXNDC12,ENSG00000117862,Txndc12,ENSMUSG00000028567,Anti-apoptotic,GO_Anti_Human,1
TXNDC5,ENSG00000239264,Txndc5,ENSMUSG00000038991,Anti-apoptotic,GO_Anti_Human,1
TYRO3,ENSG00000092445,Tyro3,ENSMUSG00000027298,Anti-apoptotic,GO_Anti_Human,1
UBE2O,ENSG00000175931,Ube2o,ENSMUSG00000020802,Anti-apoptotic,GO_Anti_Human,1
UFM1,ENSG00000120686,Ufm1,ENSMUSG00000027746,Anti-apoptotic,GO_Anti_Human,1
UNC5B,ENSG00000107731,Unc5b,ENSMUSG00000020099,Anti-apoptotic,"GO_Anti_Human,Reactome",2
URI1,ENSG00000105176,Uri1,ENSMUSG00000030421,Anti-apoptotic,GO_Anti_Human,1
USP47,ENSG00000170242,Usp47,ENSMUSG00000059263,Anti-apoptotic,GO_Anti_Human,1
VDAC1,ENSG00000213585,Vdac1,ENSMUSG00000020402,Anti-apoptotic,GO_Anti_Human,1
VEGFA,ENSG00000112715,Vegfa,ENSMUSG00000023951,Anti-apoptotic,GO_Anti_Human,1
VHL,ENSG00000134086,Vhl,ENSMUSG00000033933,Anti-apoptotic,GO_Anti_Human,1
VIP,ENSG00000146469,Vip,ENSMUSG00000019772,Anti-apoptotic,GO_Anti_Human,1
VNN1,ENSG00000112299,Vnn1,ENSMUSG00000037440,Anti-apoptotic,GO_Anti_Human,1
VSTM2L,ENSG00000132821,Vstm2l,ENSMUSG00000037843,Anti-apoptotic,GO_Anti_Human,1
VTCN1,ENSG00000134258,Vtcn1,ENSMUSG00000051076,Anti-apoptotic,GO_Anti_Human,1
WDR73,ENSG00000177082,Wdr73,ENSMUSG00000025722,Anti-apoptotic,GO_Anti_Human,1
WFS1,ENSG00000109501,Wfs1,ENSMUSG00000039474,Anti-apoptotic,GO_Anti_Human,1
WNK3,ENSG00000196632,Wnk3,ENSMUSG00000041245,Anti-apoptotic,GO_Anti_Human,1
WNT1,ENSG00000125084,Wnt1,ENSMUSG00000022997,Anti-apoptotic,GO_Anti_Human,1
WNT11,ENSG00000085741,Wnt11,ENSMUSG00000015957,Anti-apoptotic,GO_Anti_Human,1
WNT5A,ENSG00000114251,Wnt5a,ENSMUSG00000021994,Anti-apoptotic,GO_Anti_Human,1
WT1,ENSG00000184937,Wt1,ENSMUSG00000016458,Anti-apoptotic,GO_Anti_Human,1
XBP1,ENSG00000100219,Xbp1,ENSMUSG00000020484,Anti-apoptotic,GO_Anti_Human,1
XIAP,ENSG00000101966,Xiap,ENSMUSG00000025860,Anti-apoptotic,"GO_Anti_Human,Hallmark,Reactome",3
YAP1,ENSG00000137693,Yap1,ENSMUSG00000053110,Anti-apoptotic,GO_Anti_Human,1
YBX3,ENSG00000060138,Ybx3,ENSMUSG00000030189,Anti-apoptotic,GO_Anti_Human,1
YME1L1,ENSG00000136758,Yme1l1,ENSMUSG00000026775,Anti-apoptotic,GO_Anti_Human,1
ZFAND6,ENSG00000086666,Zfand6,ENSMUSG00000030629,Anti-apoptotic,GO_Anti_Human,1
ZMYND11,ENSG00000015171,Zmynd11,ENSMUSG00000021156,Anti-apoptotic,GO_Anti_Human,1
ZNF16,ENSG00000170631,,,Anti-apoptotic,GO_Anti_Human,1
ZNF304,ENSG00000131845,,,Anti-apoptotic,GO_Anti_Human,1
ZNF385A,ENSG00000161642,Zfp385a,ENSMUSG00000000552,Anti-apoptotic,GO_Anti_Human,1
ZNF830,ENSG00000198783,Zfp830,ENSMUSG00000046010,Anti-apoptotic,GO_Anti_Human,1
ZPR1,ENSG00000109917,Zpr1,ENSMUSG00000032078,Anti-apoptotic,GO_Anti_Human,1
ADAM8,ENSG00000151651,Adam8,ENSMUSG00000025473,Ambiguous,"GO_Anti_Human,GO_Pro_Human",2
ANXA1,ENSG00000135046,Anxa1,ENSMUSG00000024659,Ambiguous,"GO_Anti_Human,GO_Pro_Human,Hallmark",3
ARHGEF2,ENSG00000116584,Arhgef2,ENSMUSG00000028059,Ambiguous,"GO_Anti_Human,GO_Pro_Human",2
BARD1,ENSG00000138376,Bard1,ENSMUSG00000026196,Ambiguous,"GO_Anti_Human,GO_Pro_Human",2
BCL10,ENSG00000142867,Bcl10,ENSMUSG00000028191,Ambiguous,"GO_Anti_Human,GO_Pro_Human,Hallmark",3
BCL2,ENSG00000171791,Bcl2,ENSMUSG00000057329,Ambiguous,"GO_Anti_Human,GO_Pro_Human,KEGG,Reactome",4
BCL2L1,ENSG00000171552,Bcl2l1,ENSMUSG00000007659,Ambiguous,"GO_Anti_Human,GO_Pro_Human,Hallmark,KEGG,Reactome",5
BCL2L10,ENSG00000137875,Bcl2l10,ENSMUSG00000032191,Ambiguous,"GO_Anti_Human,GO_Pro_Human,Hallmark",3
BCL6,ENSG00000113916,Bcl6,ENSMUSG00000022508,Ambiguous,"GO_Anti_Human,GO_Pro_Human,Reactome",3
BEX3,ENSG00000166681,Bex3,ENSMUSG00000046432,Ambiguous,"GO_Anti_Human,GO_Pro_Human",2
BID,ENSG00000015475,Bid,ENSMUSG00000004446,Ambiguous,"GO_Anti_Human,GO_Pro_Human,Hallmark,KEGG,Reactome",5
BMP4,ENSG00000125378,Bmp4,ENSMUSG00000021835,Ambiguous,"GO_Anti_Human,GO_Pro_Human",2
BNIP3,ENSG00000176171,Bnip3,ENSMUSG00000078566,Ambiguous,"GO_Anti_Human,GO_Pro_Human",2
BNIP3L,ENSG00000104765,"Bnip3l,Bnip3l-ps",,Ambiguous,"GO_Anti_Human,GO_Pro_Human,Hallmark",3
CASP2,ENSG00000106144,Casp2,ENSMUSG00000029863,Ambiguous,"GO_Anti_Human,GO_Pro_Human,Hallmark",3
CASP3,ENSG00000164305,Casp3,ENSMUSG00000031628,Ambiguous,"GO_Anti_Human,GO_Pro_Human,Hallmark,KEGG,Reactome",5
CASP8,ENSG00000064012,Casp8,ENSMUSG00000026029,Ambiguous,"GO_Anti_Human,GO_Pro_Human,Hallmark,KEGG,Reactome",5
CAV1,ENSG00000105974,Cav1,ENSMUSG00000007655,Ambiguous,"GO_Anti_Human,GO_Pro_Human,Hallmark",3
CCAR2,ENSG00000158941,Ccar2,ENSMUSG00000033712,Ambiguous,"GO_Anti_Human,GO_Pro_Human",2
CCL2,ENSG00000108691,Ccl12,ENSMUSG00000035352,Ambiguous,"GO_Anti_Human,GO_Pro_Human",2
CCL5,ENSG00000274233,Ccl5,ENSMUSG00000035042,Ambiguous,"GO_Anti_Human,GO_Pro_Human",2
CD40LG,ENSG00000102245,Cd40lg,ENSMUSG00000031132,Ambiguous,"GO_Anti_Human,GO_Pro_Human",2
CFLAR,ENSG00000003402,Cflar,ENSMUSG00000026031,Ambiguous,"GO_Anti_Human,GO_Pro_Human,Hallmark,KEGG,Reactome",5
CLU,ENSG00000120885,Clu,ENSMUSG00000022037,Ambiguous,"GO_Anti_Human,GO_Pro_Human,Hallmark",3
CTNNB1,ENSG00000168036,Ctnnb1,ENSMUSG00000006932,Ambiguous,"GO_Anti_Human,GO_Pro_Human,Hallmark,Reactome",4
DDX3X,ENSG00000215301,Ddx3x,ENSMUSG00000000787,Ambiguous,"GO_Anti_Human,GO_Pro_Human",2
DNAJA1,ENSG00000086061,Dnaja1,ENSMUSG00000028410,Ambiguous,"GO_Anti_Human,GO_Pro_Human,Hallmark",3
F2R,ENSG00000181104,F2r,ENSMUSG00000048376,Ambiguous,"GO_Anti_Human,GO_Pro_Human,Hallmark",3
FADD,ENSG00000168040,Fadd,ENSMUSG00000031077,Ambiguous,"GO_Anti_Human,GO_Pro_Human,KEGG,Reactome",4
FANK1,ENSG00000203780,Fank1,ENSMUSG00000053111,Ambiguous,"GO_Anti_Human,GO_Pro_Human",2
FAS,ENSG00000026103,Fas,ENSMUSG00000024778,Ambiguous,"GO_Anti_Human,GO_Pro_Human,Hallmark,KEGG",4
FASLG,ENSG00000117560,Fasl,ENSMUSG00000000817,Ambiguous,"GO_Anti_Human,GO_Pro_Human,Hallmark,KEGG,Reactome",5
FNIP1,ENSG00000217128,Fnip1,ENSMUSG00000035992,Ambiguous,"GO_Anti_Human,GO_Pro_Human",2
FOXO1,ENSG00000150907,Foxo1,ENSMUSG00000044167,Ambiguous,"GO_Anti_Human,GO_Pro_Human",2
FZD9,ENSG00000188763,Fzd9,ENSMUSG00000049551,Ambiguous,"GO_Anti_Human,GO_Pro_Human",2
GRN,ENSG00000030582,Grn,ENSMUSG00000034708,Ambiguous,"GO_Anti_Human,GO_Pro_Human",2
GSK3B,ENSG00000082701,Gsk3b,ENSMUSG00000022812,Ambiguous,"GO_Anti_Human,GO_Pro_Human",2
HMGA2,ENSG00000149948,,,Ambiguous,"GO_Anti_Human,GO_Pro_Human",2
HSPD1,ENSG00000144381,Hspd1,ENSMUSG00000025980,Ambiguous,"GO_Anti_Human,GO_Pro_Human",2
HTRA2,ENSG00000115317,Htra2,ENSMUSG00000068329,Ambiguous,"GO_Anti_Human,GO_Pro_Human",2
HTT,ENSG00000197386,Htt,ENSMUSG00000029104,Ambiguous,"GO_Anti_Human,GO_Pro_Human",2
IL10,ENSG00000136634,Il10,ENSMUSG00000016529,Ambiguous,"GO_Anti_Human,GO_Pro_Human",2
IL6,ENSG00000136244,Il6,ENSMUSG00000025746,Ambiguous,"GO_Anti_Human,GO_Pro_Human,Hallmark",3
ITGA6,ENSG00000091409,Itga6,ENSMUSG00000027111,Ambiguous,"GO_Anti_Human,GO_Pro_Human",2
ITGB1,ENSG00000150093,Itgb1,ENSMUSG00000025809,Ambiguous,"GO_Anti_Human,GO_Pro_Human",2
LILRB1,ENSG00000276452,,,Ambiguous,"GO_Anti_Human,GO_Pro_Human",2
MALT1,ENSG00000172175,Malt1,ENSMUSG00000032688,Ambiguous,"GO_Anti_Human,GO_Pro_Human",2
MAPK8,ENSG00000107643,Mapk8,ENSMUSG00000021936,Ambiguous,"GO_Anti_Human,GO_Pro_Human,Reactome",3
MCL1,ENSG00000143384,Mcl1,ENSMUSG00000038612,Ambiguous,"GO_Anti_Human,GO_Pro_Human,Hallmark",3
MEF2C,ENSG00000081189,Mef2c,ENSMUSG00000005583,Ambiguous,"GO_Anti_Human,GO_Pro_Human",2
MYC,ENSG00000136997,Myc,ENSMUSG00000022346,Ambiguous,"GO_Anti_Human,GO_Pro_Human",2
NDUFA13,ENSG00000186010,Ndufa13,ENSMUSG00000036199,Ambiguous,"GO_Anti_Human,GO_Pro_Human",2
NEUROD1,ENSG00000162992,Neurod1,ENSMUSG00000034701,Ambiguous,"GO_Anti_Human,GO_Pro_Human",2
NGF,ENSG00000134259,Ngf,ENSMUSG00000027859,Ambiguous,"GO_Anti_Human,GO_Pro_Human",2
NGFR,ENSG00000064300,Ngfr,ENSMUSG00000000120,Ambiguous,"GO_Anti_Human,GO_Pro_Human",2
NUPR1,ENSG00000176046,Nupr1,ENSMUSG00000030717,Ambiguous,"GO_Anti_Human,GO_Pro_Human",2
PAK2,ENSG00000180370,Pak2,ENSMUSG00000022781,Ambiguous,"GO_Anti_Human,GO_Pro_Human",2
PIDD1,ENSG00000177595,Pidd1,ENSMUSG00000025507,Ambiguous,"GO_Anti_Human,GO_Pro_Human",2
PRELID1,ENSG00000169230,Prelid1,ENSMUSG00000021486,Ambiguous,"GO_Anti_Human,GO_Pro_Human",2
PRKCI,ENSG00000163558,Prkci,ENSMUSG00000037643,Ambiguous,"GO_Anti_Human,GO_Pro_Human",2
PSEN1,ENSG00000080815,Psen1,ENSMUSG00000019969,Ambiguous,"GO_Anti_Human,GO_Pro_Human,Hallmark",3
PSEN2,ENSG00000143801,Psen2,ENSMUSG00000010609,Ambiguous,"GO_Anti_Human,GO_Pro_Human,Hallmark",3
PTRH2,ENSG00000141378,Ptrh2,ENSMUSG00000072582,Ambiguous,"GO_Anti_Human,GO_Pro_Human",2
RIPK1,ENSG00000137275,Ripk1,ENSMUSG00000021408,Ambiguous,"GO_Anti_Human,GO_Pro_Human,KEGG,Reactome",4
RPS27A,ENSG00000143947,Rps27a,ENSMUSG00000020460,Ambiguous,"GO_Anti_Human,GO_Pro_Human,Reactome",3
SFN,ENSG00000175793,Sfn,ENSMUSG00000047281,Ambiguous,"GO_Anti_Human,GO_Pro_Human",2
SFPQ,ENSG00000116560,Sfpq,ENSMUSG00000028820,Ambiguous,"GO_Anti_Human,GO_Pro_Human",2
SFRP1,ENSG00000104332,Sfrp1,ENSMUSG00000031548,Ambiguous,"GO_Anti_Human,GO_Pro_Human",2
SFRP2,ENSG00000145423,Sfrp2,ENSMUSG00000027996,Ambiguous,"GO_Anti_Human,GO_Pro_Human",2
SIRT1,ENSG00000096717,Sirt1,ENSMUSG00000020063,Ambiguous,"GO_Anti_Human,GO_Pro_Human",2
SNCA,ENSG00000145335,Snca,ENSMUSG00000025889,Ambiguous,"GO_Anti_Human,GO_Pro_Human",2
SOD1,ENSG00000142168,Sod1,ENSMUSG00000022982,Ambiguous,"GO_Anti_Human,GO_Pro_Human,Hallmark",3
SOD2,ENSG00000291237,Sod2,ENSMUSG00000006818,Ambiguous,"GO_Anti_Human,GO_Pro_Human,Hallmark",3
SQSTM1,ENSG00000161011,Sqstm1,ENSMUSG00000015837,Ambiguous,"GO_Anti_Human,GO_Pro_Human,Hallmark",3
TFAP2A,ENSG00000137203,Tfap2a,ENSMUSG00000021359,Ambiguous,"GO_Anti_Human,GO_Pro_Human",2
TFAP2B,ENSG00000008196,Tfap2b,ENSMUSG00000025927,Ambiguous,"GO_Anti_Human,GO_Pro_Human",2
TGFB3,ENSG00000119699,Tgfb3,ENSMUSG00000021253,Ambiguous,"GO_Anti_Human,GO_Pro_Human",2
TGFBR1,ENSG00000106799,Tgfbr1,ENSMUSG00000007613,Ambiguous,"GO_Anti_Human,GO_Pro_Human",2
THBS1,ENSG00000137801,Thbs1,ENSMUSG00000040152,Ambiguous,"GO_Anti_Human,GO_Pro_Human",2
TNF,ENSG00000228321,Tnf,ENSMUSG00000024401,Ambiguous,"GO_Anti_Human,GO_Pro_Human,Hallmark,KEGG,Reactome",5
TNFAIP8,ENSG00000145779,Tnfaip8,ENSMUSG00000062210,Ambiguous,"GO_Anti_Human,GO_Pro_Human",2
TNFRSF10A,ENSG00000104689,Tnfrsf10b,ENSMUSG00000022074,Ambiguous,"GO_Anti_Human,GO_Pro_Human,KEGG,Reactome",4
TNFRSF10B,ENSG00000120889,,,Ambiguous,"GO_Anti_Human,GO_Pro_Human,KEGG,Reactome",4
TNFSF10,ENSG00000121858,Tnfsf10,ENSMUSG00000039304,Ambiguous,"GO_Anti_Human,GO_Pro_Human,Hallmark,KEGG,Reactome",5
TP53,ENSG00000141510,Trp53,ENSMUSG00000059552,Ambiguous,"GO_Anti_Human,GO_Pro_Human,KEGG,Reactome",4
TRADD,ENSG00000102871,Tradd,ENSMUSG00000031887,Ambiguous,"GO_Anti_Human,GO_Pro_Human,KEGG,Reactome",4
TRAF2,ENSG00000127191,Traf2,ENSMUSG00000026942,Ambiguous,"GO_Anti_Human,GO_Pro_Human,KEGG",3
TRAF6,ENSG00000175104,Traf6,ENSMUSG00000027164,Ambiguous,"GO_Anti_Human,GO_Pro_Human",2
TREM2,ENSG00000095970,Trem2,ENSMUSG00000023992,Ambiguous,"GO_Anti_Human,GO_Pro_Human",2
UBA52,ENSG00000221983,Uba52-ps1,,Ambiguous,"GO_Anti_Human,GO_Pro_Human,Reactome",3
UBB,ENSG00000170315,,,Ambiguous,"GO_Anti_Human,GO_Pro_Human,Reactome",3
UBC,ENSG00000150991,Ubc,ENSMUSG00000008348,Ambiguous,"GO_Anti_Human,GO_Pro_Human,Reactome",3
UBE2Z,ENSG00000159202,Ube2z,ENSMUSG00000014349,Ambiguous,"GO_Anti_Human,GO_Pro_Human",2
YWHAE,ENSG00000274474,Ywhae,ENSMUSG00000020849,Ambiguous,"GO_Anti_Human,GO_Pro_Human,Reactome",3
YWHAZ,ENSG00000164924,Ywhaz,ENSMUSG00000022285,Ambiguous,"GO_Anti_Human,GO_Pro_Human,Reactome",3
ZC3H12A,ENSG00000163874,Zc3h12a,ENSMUSG00000042677,Ambiguous,"GO_Anti_Human,GO_Pro_Human",2
ZNF268,ENSG00000090612,,,Ambiguous,"GO_Anti_Human,GO_Pro_Human",2
